File name,a,b,c,d,e,f
Mts000M000008.txt,74:RandomWalk1,80:LinearComp,81:LinearComp,,,
Mts000M000018.txt,79:RandomWalk1,80:LinearComp,81:LinearComp,,,
Mts000M000019.txt,52:SampleProd,80:LinearComp,81:LinearComp,,,
Mts000M000023.txt,24:ClosePairs,80:LinearComp,81:LinearComp,,,
Mts000M000029.txt,11:CollisionOver,80:LinearComp,81:LinearComp,,,
Mts000M000038.txt,80:LinearComp,81:LinearComp,91:HammingWeight2,,,
Mts000M000039.txt,28:SimpPoker,80:LinearComp,81:LinearComp,,,
Mts000M000041.txt,2:SerialOver,80:LinearComp,81:LinearComp,,,
Mts000M000044.txt,11:CollisionOver,26:SimpPoker,80:LinearComp,81:LinearComp,,
Mts000M000048.txt,10:CollisionOver,80:LinearComp,81:LinearComp,,,
Mts000M000049.txt,68:MatrixRank,80:LinearComp,81:LinearComp,,,
Mts000M000052.txt,80:LinearComp,81:LinearComp,82:LempelZiv,,,
Mts000M000054.txt,80:LinearComp,81:LinearComp,92:HammingCorr,,,
Mts000M000058.txt,74:RandomWalk1,80:LinearComp,81:LinearComp,,,
Mts000M000060.txt,30:CouponCollector,78:RandomWalk1,80:LinearComp,81:LinearComp,,
Mts000M000071.txt,26:SimpPoker,80:LinearComp,81:LinearComp,,,
Mts000M000078.txt,40:Permutation,80:LinearComp,81:LinearComp,,,
Mts000M000080.txt,10:CollisionOver,80:LinearComp,81:LinearComp,,,
Mts000M000083.txt,79:RandomWalk1,80:LinearComp,81:LinearComp,,,
Mts000M000086.txt,80:LinearComp,81:LinearComp,99:HammingIndep,,,
Mts000M000089.txt,80:LinearComp,81:LinearComp,95:HammingIndep,,,
Mts000M000090.txt,78:RandomWalk1,80:LinearComp,81:LinearComp,,,
Mts000M000094.txt,76:RandomWalk1,80:LinearComp,81:LinearComp,,,
Mts000M000097.txt,12:CollisionOver,80:LinearComp,81:LinearComp,,,
Mts000M000098.txt,8:CollisionOver,47:MaxOft,80:LinearComp,81:LinearComp,,
Mts000M000106.txt,39:Run,80:LinearComp,81:LinearComp,,,
Mts000M000111.txt,55:SampleCorr,80:LinearComp,81:LinearComp,,,
Mts000M000115.txt,11:CollisionOver,80:LinearComp,81:LinearComp,,,
Mts000M000117.txt,22:ClosePairs,80:LinearComp,81:LinearComp,,,
Mts000M000118.txt,12:CollisionOver,80:LinearComp,81:LinearComp,,,
Mts000M000119.txt,13:BirthdaySpacings,22:ClosePairs,80:LinearComp,81:LinearComp,,
Mts000M000120.txt,80:LinearComp,81:LinearComp,98:HammingIndep,,,
Mts000M000129.txt,24:ClosePairs,80:LinearComp,81:LinearComp,,,
Mts000M000131.txt,39:Run,80:LinearComp,81:LinearComp,,,
Mts000M000133.txt,80:LinearComp,81:LinearComp,95:HammingIndep,,,
Mts000M000140.txt,77:RandomWalk1,80:LinearComp,81:LinearComp,,,
Mts000M000141.txt,48:MaxOft,80:LinearComp,81:LinearComp,,,
Mts000M000143.txt,12:CollisionOver,80:LinearComp,81:LinearComp,,,
Mts000M000151.txt,74:RandomWalk1,80:LinearComp,81:LinearComp,,,
Mts000M000157.txt,32:CouponCollector,80:LinearComp,81:LinearComp,,,
Mts000M000158.txt,77:RandomWalk1,80:LinearComp,81:LinearComp,,,
Mts000M000159.txt,80:LinearComp,81:LinearComp,89:PeriodsInStrings,,,
Mts000M000160.txt,23:ClosePairs,80:LinearComp,81:LinearComp,,,
Mts000M000163.txt,80:LinearComp,81:LinearComp,103:AutoCor,,,
Mts000M000167.txt,34:Gap,75:RandomWalk1,80:LinearComp,81:LinearComp,,
Mts000M000173.txt,24:ClosePairs,46:MaxOft,80:LinearComp,81:LinearComp,,
Mts000M000176.txt,80:LinearComp,81:LinearComp,99:HammingIndep,,,
Mts000M000180.txt,76:RandomWalk1,78:RandomWalk1,80:LinearComp,81:LinearComp,,
Mts000M000182.txt,80:LinearComp,81:LinearComp,94:HammingCorr,,,
Mts000M000183.txt,23:ClosePairs,80:LinearComp,81:LinearComp,,,
Mts000M000188.txt,12:CollisionOver,80:LinearComp,81:LinearComp,,,
Mts000M000190.txt,80:LinearComp,81:LinearComp,99:HammingIndep,,,
Mts000M000192.txt,38:Run,80:LinearComp,81:LinearComp,,,
Mts000M000201.txt,76:RandomWalk1,80:LinearComp,81:LinearComp,99:HammingIndep,,
Mts000M000205.txt,79:RandomWalk1,80:LinearComp,81:LinearComp,,,
Mts000M000209.txt,74:RandomWalk1,80:LinearComp,81:LinearComp,,,
Mts000M000211.txt,69:MatrixRank,80:LinearComp,81:LinearComp,,,
Mts000M000212.txt,61:WeightDistrib,80:LinearComp,81:LinearComp,,,
Mts000M000218.txt,24:ClosePairs,80:LinearComp,81:LinearComp,86:LongestHeadRun,,
Mts000M000220.txt,63:WeightDistrib,80:LinearComp,81:LinearComp,,,
Mts000M000223.txt,49:MaxOft,80:LinearComp,81:LinearComp,,,
Mts000M000224.txt,26:SimpPoker,80:LinearComp,81:LinearComp,,,
Mts000M000229.txt,21:BirthdaySpacings,80:LinearComp,81:LinearComp,,,
Mts000M000239.txt,24:ClosePairs,61:WeightDistrib,80:LinearComp,81:LinearComp,,
Mts000M000241.txt,80:LinearComp,81:LinearComp,104:AutoCor,,,
Mts000M000244.txt,76:RandomWalk1,80:LinearComp,81:LinearComp,,,
Mts000M000247.txt,76:RandomWalk1,80:LinearComp,81:LinearComp,,,
Mts000M000254.txt,4:CollisionOver,23:ClosePairs,80:LinearComp,81:LinearComp,,
Mts000M000262.txt,9:CollisionOver,80:LinearComp,81:LinearComp,,,
Mts000M000271.txt,79:RandomWalk1,80:LinearComp,81:LinearComp,,,
Mts000M000272.txt,80:LinearComp,81:LinearComp,100:HammingIndep,,,
Mts000M000273.txt,75:RandomWalk1,80:LinearComp,81:LinearComp,,,
Mts000M000275.txt,24:ClosePairs,80:LinearComp,81:LinearComp,,,
Mts000M000284.txt,48:MaxOft,80:LinearComp,81:LinearComp,,,
Mts000M000292.txt,80:LinearComp,81:LinearComp,106:AutoCor,,,
Mts000M000295.txt,10:CollisionOver,80:LinearComp,81:LinearComp,,,
Mts000M000297.txt,25:ClosePairs,80:LinearComp,81:LinearComp,,,
Mts000M000298.txt,77:RandomWalk1,80:LinearComp,81:LinearComp,,,
Mts000M000306.txt,11:CollisionOver,47:MaxOft,80:LinearComp,81:LinearComp,,
Mts000M000313.txt,76:RandomWalk1,80:LinearComp,81:LinearComp,,,
Mts000M000318.txt,34:Gap,80:LinearComp,81:LinearComp,,,
Mts000M000322.txt,75:RandomWalk1,80:LinearComp,81:LinearComp,,,
Mts000M000323.txt,47:MaxOft,51:SampleProd,80:LinearComp,81:LinearComp,,
Mts000M000326.txt,34:Gap,80:LinearComp,81:LinearComp,,,
Mts000M000327.txt,38:Run,80:LinearComp,81:LinearComp,,,
Mts000M000331.txt,26:SimpPoker,80:LinearComp,81:LinearComp,,,
Mts000M000332.txt,77:RandomWalk1,80:LinearComp,81:LinearComp,,,
Mts000M000352.txt,75:RandomWalk1,80:LinearComp,81:LinearComp,,,
Mts000M000359.txt,75:RandomWalk1,80:LinearComp,81:LinearComp,89:PeriodsInStrings,,
Mts000M000364.txt,80:LinearComp,81:LinearComp,93:HammingCorr,,,
Mts000M000366.txt,23:ClosePairs,80:LinearComp,81:LinearComp,,,
Mts000M000380.txt,25:ClosePairs,80:LinearComp,81:LinearComp,,,
Mts000M000388.txt,38:Run,80:LinearComp,81:LinearComp,,,
Mts000M000390.txt,11:CollisionOver,80:LinearComp,81:LinearComp,,,
Mts000M000391.txt,11:CollisionOver,80:LinearComp,81:LinearComp,,,
Mts000M000392.txt,2:SerialOver,80:LinearComp,81:LinearComp,,,
Mts000M000394.txt,80:LinearComp,81:LinearComp,95:HammingIndep,,,
Mts000M000400.txt,66:MatrixRank,80:LinearComp,81:LinearComp,,,
Mts000M000403.txt,78:RandomWalk1,80:LinearComp,81:LinearComp,,,
Mts000M000411.txt,24:ClosePairs,80:LinearComp,81:LinearComp,96:HammingIndep,,
Mts000M000413.txt,25:ClosePairs,80:LinearComp,81:LinearComp,,,
Mts000M000420.txt,76:RandomWalk1,80:LinearComp,81:LinearComp,,,
Mts000M000421.txt,80:LinearComp,81:LinearComp,95:HammingIndep,,,
Mts000M000426.txt,80:LinearComp,81:LinearComp,88:PeriodsInStrings,,,
Mts000M000429.txt,28:SimpPoker,80:LinearComp,81:LinearComp,,,
Mts000M000430.txt,11:CollisionOver,80:LinearComp,81:LinearComp,,,
Mts000M000432.txt,75:RandomWalk1,80:LinearComp,81:LinearComp,,,
Mts000M000433.txt,47:MaxOft,80:LinearComp,81:LinearComp,,,
Mts000M000436.txt,75:RandomWalk1,80:LinearComp,81:LinearComp,,,
Mts000M000443.txt,9:CollisionOver,80:LinearComp,81:LinearComp,,,
Mts000M000445.txt,74:RandomWalk1,80:LinearComp,81:LinearComp,,,
Mts000M000446.txt,52:SampleProd,80:LinearComp,81:LinearComp,,,
Mts000M000450.txt,80:LinearComp,81:LinearComp,104:AutoCor,,,
Mts000M000457.txt,15:BirthdaySpacings,79:RandomWalk1,80:LinearComp,81:LinearComp,,
Mts000M000458.txt,55:SampleCorr,80:LinearComp,81:LinearComp,92:HammingCorr,,
Mts000M000459.txt,80:LinearComp,81:LinearComp,86:LongestHeadRun,,,
Mts000M000460.txt,33:CouponCollector,80:LinearComp,81:LinearComp,,,
Mts000M000463.txt,11:CollisionOver,80:LinearComp,81:LinearComp,,,
Mts000M000464.txt,80:LinearComp,81:LinearComp,87:LongestHeadRun,,,
Mts000M000466.txt,80:LinearComp,81:LinearComp,94:HammingCorr,,,
Mts000M000467.txt,78:RandomWalk1,80:LinearComp,81:LinearComp,92:HammingCorr,,
Mts000M000472.txt,78:RandomWalk1,80:LinearComp,81:LinearComp,,,
Mts000M000474.txt,12:CollisionOver,80:LinearComp,81:LinearComp,,,
Mts000M000475.txt,33:CouponCollector,43:Permutation,72:Savir2,80:LinearComp,81:LinearComp,
Mts000M000481.txt,9:CollisionOver,80:LinearComp,81:LinearComp,,,
Mts000M000484.txt,68:MatrixRank,80:LinearComp,81:LinearComp,,,
Mts000M000485.txt,48:MaxOft,80:LinearComp,81:LinearComp,,,
Mts000M000486.txt,79:RandomWalk1,80:LinearComp,81:LinearComp,,,
Mts000M000491.txt,74:RandomWalk1,80:LinearComp,81:LinearComp,,,
Mts000M000496.txt,12:CollisionOver,80:LinearComp,81:LinearComp,,,
Mts000M000503.txt,74:RandomWalk1,80:LinearComp,81:LinearComp,,,
Mts000M000504.txt,80:LinearComp,81:LinearComp,92:HammingCorr,,,
Mts000M000507.txt,44:CollisionPermut,80:LinearComp,81:LinearComp,,,
Mts000M000508.txt,45:CollisionPermut,80:LinearComp,81:LinearComp,,,
Mts000M000509.txt,77:RandomWalk1,80:LinearComp,81:LinearComp,,,
Mts000M000510.txt,23:ClosePairs,80:LinearComp,81:LinearComp,,,
Mts000M000511.txt,76:RandomWalk1,80:LinearComp,81:LinearComp,,,
Mts000M000514.txt,24:ClosePairs,74:RandomWalk1,80:LinearComp,81:LinearComp,,
Mts000M000517.txt,30:CouponCollector,80:LinearComp,81:LinearComp,,,
Mts000M000518.txt,47:MaxOft,80:LinearComp,81:LinearComp,,,
Mts000M000522.txt,25:ClosePairs,80:LinearComp,81:LinearComp,95:HammingIndep,,
Mts000M000524.txt,79:RandomWalk1,80:LinearComp,81:LinearComp,,,
Mts000M000530.txt,66:MatrixRank,80:LinearComp,81:LinearComp,,,
Mts000M000532.txt,12:CollisionOver,80:LinearComp,81:LinearComp,,,
Mts000M000541.txt,39:Run,80:LinearComp,81:LinearComp,,,
Mts000M000547.txt,24:ClosePairs,80:LinearComp,81:LinearComp,,,
Mts000M000549.txt,22:ClosePairs,80:LinearComp,81:LinearComp,,,
Mts000M000556.txt,59:WeightDistrib,80:LinearComp,81:LinearComp,,,
Mts000M000559.txt,25:ClosePairs,80:LinearComp,81:LinearComp,,,
Mts000M000567.txt,32:CouponCollector,80:LinearComp,81:LinearComp,,,
Mts000M000568.txt,80:LinearComp,81:LinearComp,96:HammingIndep,,,
Mts000M000569.txt,80:LinearComp,81:LinearComp,83:LempelZiv,,,
Mts000M000571.txt,77:RandomWalk1,80:LinearComp,81:LinearComp,,,
Mts000M000573.txt,21:BirthdaySpacings,80:LinearComp,81:LinearComp,,,
Mts000M000574.txt,37:Gap,80:LinearComp,81:LinearComp,,,
Mts000M000576.txt,80:LinearComp,81:LinearComp,93:HammingCorr,106:AutoCor,,
Mts000M000578.txt,34:Gap,80:LinearComp,81:LinearComp,,,
Mts000M000584.txt,66:MatrixRank,80:LinearComp,81:LinearComp,,,
Mts000M000585.txt,1:SerialOver,80:LinearComp,81:LinearComp,102:Run,,
Mts000M000587.txt,22:ClosePairs,80:LinearComp,81:LinearComp,,,
Mts000M000588.txt,23:ClosePairs,80:LinearComp,81:LinearComp,,,
Mts000M000590.txt,79:RandomWalk1,80:LinearComp,81:LinearComp,,,
Mts000M000597.txt,75:RandomWalk1,80:LinearComp,81:LinearComp,,,
Mts000M000598.txt,80:LinearComp,81:LinearComp,100:HammingIndep,,,
Mts000M000603.txt,43:Permutation,80:LinearComp,81:LinearComp,,,
Mts000M000605.txt,26:SimpPoker,80:LinearComp,81:LinearComp,,,
Mts000M000606.txt,55:SampleCorr,80:LinearComp,81:LinearComp,,,
Mts000M000612.txt,28:SimpPoker,80:LinearComp,81:LinearComp,,,
Mts000M000615.txt,70:MatrixRank,80:LinearComp,81:LinearComp,,,
Mts000M000621.txt,52:SampleProd,80:LinearComp,81:LinearComp,,,
Mts000M000622.txt,26:SimpPoker,80:LinearComp,81:LinearComp,,,
Mts000M000623.txt,11:CollisionOver,48:MaxOft,80:LinearComp,81:LinearComp,,
Mts000M000629.txt,71:MatrixRank,80:LinearComp,81:LinearComp,,,
Mts000M000630.txt,27:SimpPoker,53:SampleMean,80:LinearComp,81:LinearComp,,
Mts000M000632.txt,25:ClosePairs,80:LinearComp,81:LinearComp,,,
Mts000M000636.txt,72:Savir2,80:LinearComp,81:LinearComp,,,
Mts000M000638.txt,36:Gap,48:MaxOft,80:LinearComp,81:LinearComp,,
Mts000M000639.txt,76:RandomWalk1,80:LinearComp,81:LinearComp,,,
Mts000M000640.txt,24:ClosePairs,64:WeightDistrib,79:RandomWalk1,80:LinearComp,81:LinearComp,
Mts000M000643.txt,12:CollisionOver,80:LinearComp,81:LinearComp,,,
Mts000M000645.txt,80:LinearComp,81:LinearComp,90:HammingWeight2,,,
Mts000M000649.txt,5:CollisionOver,80:LinearComp,81:LinearComp,,,
Mts000M000653.txt,38:Run,80:LinearComp,81:LinearComp,,,
Mts000M000656.txt,10:CollisionOver,80:LinearComp,81:LinearComp,,,
Mts000M000659.txt,57:AppearanceSpacings,80:LinearComp,81:LinearComp,,,
Mts000M000661.txt,24:ClosePairs,80:LinearComp,81:LinearComp,,,
Mts000M000663.txt,25:ClosePairs,80:LinearComp,81:LinearComp,,,
Mts000M000674.txt,80:LinearComp,81:LinearComp,99:HammingIndep,,,
Mts000M000676.txt,10:CollisionOver,80:LinearComp,81:LinearComp,,,
Mts000M000678.txt,24:ClosePairs,80:LinearComp,81:LinearComp,,,
Mts000M000683.txt,35:Gap,80:LinearComp,81:LinearComp,,,
Mts000M000686.txt,80:LinearComp,81:LinearComp,86:LongestHeadRun,,,
Mts000M000689.txt,46:MaxOft,80:LinearComp,81:LinearComp,,,
Mts000M000692.txt,75:RandomWalk1,80:LinearComp,81:LinearComp,,,
Mts000M000693.txt,11:CollisionOver,80:LinearComp,81:LinearComp,,,
Mts000M000694.txt,80:LinearComp,81:LinearComp,101:Run,,,
Mts000M000696.txt,48:MaxOft,78:RandomWalk1,80:LinearComp,81:LinearComp,,
Mts000M000701.txt,24:ClosePairs,80:LinearComp,81:LinearComp,,,
Mts000M000707.txt,75:RandomWalk1,80:LinearComp,81:LinearComp,,,
Mts000M000709.txt,12:CollisionOver,24:ClosePairs,80:LinearComp,81:LinearComp,,
Mts000M000712.txt,39:Run,80:LinearComp,81:LinearComp,,,
Mts000M000719.txt,23:ClosePairs,80:LinearComp,81:LinearComp,,,
Mts000M000722.txt,25:ClosePairs,80:LinearComp,81:LinearComp,,,
Mts000M000723.txt,46:MaxOft,80:LinearComp,81:LinearComp,,,
Mts000M000737.txt,23:ClosePairs,80:LinearComp,81:LinearComp,,,
Mts000M000739.txt,22:ClosePairs,80:LinearComp,81:LinearComp,,,
Mts000M000740.txt,75:RandomWalk1,79:RandomWalk1,80:LinearComp,81:LinearComp,,
Mts000M000746.txt,11:CollisionOver,80:LinearComp,81:LinearComp,,,
Mts000M000750.txt,11:CollisionOver,22:ClosePairs,80:LinearComp,81:LinearComp,,
Mts000M000751.txt,33:CouponCollector,80:LinearComp,81:LinearComp,,,
Mts000M000752.txt,60:WeightDistrib,76:RandomWalk1,80:LinearComp,81:LinearComp,,
Mts000M000760.txt,75:RandomWalk1,80:LinearComp,81:LinearComp,,,
Mts000M000761.txt,49:MaxOft,80:LinearComp,81:LinearComp,,,
Mts000M000763.txt,56:SampleCorr,72:Savir2,80:LinearComp,81:LinearComp,95:HammingIndep,
Mts000M000764.txt,80:LinearComp,81:LinearComp,105:AutoCor,,,
Mts000M000772.txt,80:LinearComp,81:LinearComp,100:HammingIndep,,,
Mts000M000775.txt,75:RandomWalk1,80:LinearComp,81:LinearComp,,,
Mts000M000787.txt,34:Gap,80:LinearComp,81:LinearComp,,,
Mts000M000788.txt,9:CollisionOver,80:LinearComp,81:LinearComp,,,
Mts000M000790.txt,8:CollisionOver,74:RandomWalk1,80:LinearComp,81:LinearComp,,
Mts000M000791.txt,22:ClosePairs,80:LinearComp,81:LinearComp,,,
Mts000M000795.txt,48:MaxOft,68:MatrixRank,80:LinearComp,81:LinearComp,,
Mts000M000803.txt,14:BirthdaySpacings,80:LinearComp,81:LinearComp,,,
Mts000M000804.txt,41:Permutation,80:LinearComp,81:LinearComp,,,
Mts000M000807.txt,49:MaxOft,80:LinearComp,81:LinearComp,,,
Mts000M000808.txt,80:LinearComp,81:LinearComp,100:HammingIndep,,,
Mts000M000809.txt,79:RandomWalk1,80:LinearComp,81:LinearComp,,,
Mts000M000816.txt,22:ClosePairs,80:LinearComp,81:LinearComp,,,
Mts000M000819.txt,48:MaxOft,80:LinearComp,81:LinearComp,,,
Mts000M000824.txt,35:Gap,80:LinearComp,81:LinearComp,,,
Mts000M000828.txt,64:WeightDistrib,74:RandomWalk1,80:LinearComp,81:LinearComp,,
Mts000M000832.txt,57:AppearanceSpacings,80:LinearComp,81:LinearComp,,,
Mts000M000836.txt,11:CollisionOver,75:RandomWalk1,80:LinearComp,81:LinearComp,93:HammingCorr,
Mts000M000838.txt,80:LinearComp,81:LinearComp,88:PeriodsInStrings,,,
Mts000M000839.txt,31:CouponCollector,80:LinearComp,81:LinearComp,,,
Mts000M000840.txt,22:ClosePairs,80:LinearComp,81:LinearComp,,,
Mts000M000842.txt,23:ClosePairs,80:LinearComp,81:LinearComp,,,
Mts000M000847.txt,23:ClosePairs,79:RandomWalk1,80:LinearComp,81:LinearComp,,
Mts000M000853.txt,74:RandomWalk1,80:LinearComp,81:LinearComp,,,
Mts000M000855.txt,75:RandomWalk1,80:LinearComp,81:LinearComp,,,
Mts000M000857.txt,74:RandomWalk1,80:LinearComp,81:LinearComp,,,
Mts000M000861.txt,21:BirthdaySpacings,80:LinearComp,81:LinearComp,,,
Mts000M000862.txt,49:MaxOft,59:WeightDistrib,80:LinearComp,81:LinearComp,,
Mts000M000863.txt,75:RandomWalk1,80:LinearComp,81:LinearComp,,,
Mts000M000868.txt,66:MatrixRank,80:LinearComp,81:LinearComp,,,
Mts000M000870.txt,77:RandomWalk1,80:LinearComp,81:LinearComp,,,
Mts000M000873.txt,78:RandomWalk1,80:LinearComp,81:LinearComp,,,
Mts000M000875.txt,29:SimpPoker,80:LinearComp,81:LinearComp,,,
Mts000M000877.txt,47:MaxOft,80:LinearComp,81:LinearComp,,,
Mts000M000879.txt,76:RandomWalk1,80:LinearComp,81:LinearComp,,,
Mts000M000881.txt,22:ClosePairs,80:LinearComp,81:LinearComp,,,
Mts000M000884.txt,22:ClosePairs,80:LinearComp,81:LinearComp,,,
Mts000M000888.txt,56:SampleCorr,80:LinearComp,81:LinearComp,,,
Mts000M000892.txt,23:ClosePairs,80:LinearComp,81:LinearComp,,,
Mts000M000893.txt,74:RandomWalk1,80:LinearComp,81:LinearComp,,,
Mts000M000895.txt,24:ClosePairs,80:LinearComp,81:LinearComp,,,
Mts000M000898.txt,75:RandomWalk1,80:LinearComp,81:LinearComp,,,
Mts000M000902.txt,38:Run,80:LinearComp,81:LinearComp,,,
Mts000M000905.txt,74:RandomWalk1,80:LinearComp,81:LinearComp,,,
Mts000M000908.txt,31:CouponCollector,80:LinearComp,81:LinearComp,85:Fourier3,,
Mts000M000911.txt,74:RandomWalk1,80:LinearComp,81:LinearComp,,,
Mts000M000915.txt,80:LinearComp,81:LinearComp,100:HammingIndep,,,
Mts000M000923.txt,43:Permutation,80:LinearComp,81:LinearComp,,,
Mts000M000925.txt,80:LinearComp,81:LinearComp,102:Run,,,
Mts000M000926.txt,25:ClosePairs,80:LinearComp,81:LinearComp,,,
Mts000M000932.txt,41:Permutation,80:LinearComp,81:LinearComp,,,
Mts000M000934.txt,79:RandomWalk1,80:LinearComp,81:LinearComp,,,
Mts000M000938.txt,11:CollisionOver,80:LinearComp,81:LinearComp,,,
Mts000M000940.txt,1:SerialOver,80:LinearComp,81:LinearComp,,,
Mts000M000941.txt,62:WeightDistrib,80:LinearComp,81:LinearComp,,,
Mts000M000951.txt,11:CollisionOver,80:LinearComp,81:LinearComp,,,
Mts000M000952.txt,80:LinearComp,81:LinearComp,86:LongestHeadRun,,,
Mts000M000954.txt,36:Gap,80:LinearComp,81:LinearComp,,,
Mts000M000957.txt,77:RandomWalk1,80:LinearComp,81:LinearComp,,,
Mts000M000958.txt,12:CollisionOver,80:LinearComp,81:LinearComp,,,
Mts000M000964.txt,25:ClosePairs,80:LinearComp,81:LinearComp,,,
Mts000M000966.txt,67:MatrixRank,80:LinearComp,81:LinearComp,,,
Mts000M000972.txt,80:LinearComp,81:LinearComp,93:HammingCorr,,,
Mts000M000973.txt,25:ClosePairs,80:LinearComp,81:LinearComp,,,
Mts000M000975.txt,80:LinearComp,81:LinearComp,82:LempelZiv,,,
Mts000M000978.txt,76:RandomWalk1,80:LinearComp,81:LinearComp,,,
Mts000M000982.txt,11:CollisionOver,80:LinearComp,81:LinearComp,,,
Mts000M000986.txt,46:MaxOft,80:LinearComp,81:LinearComp,,,
Mts000M000988.txt,75:RandomWalk1,80:LinearComp,81:LinearComp,,,
Mts000M000990.txt,61:WeightDistrib,80:LinearComp,81:LinearComp,,,
Mts000M000993.txt,79:RandomWalk1,80:LinearComp,81:LinearComp,,,
Mts000M000995.txt,80:LinearComp,81:LinearComp,96:HammingIndep,,,
Mts000M000996.txt,11:CollisionOver,80:LinearComp,81:LinearComp,,,
Mts000M001000.txt,30:CouponCollector,80:LinearComp,81:LinearComp,,,
Mts000M001016.txt,9:CollisionOver,40:Permutation,80:LinearComp,81:LinearComp,104:AutoCor,
Mts000M001025.txt,25:ClosePairs,80:LinearComp,81:LinearComp,,,
Mts000M001026.txt,12:CollisionOver,80:LinearComp,81:LinearComp,,,
Mts000M001029.txt,36:Gap,80:LinearComp,81:LinearComp,,,
Mts000M001031.txt,17:BirthdaySpacings,80:LinearComp,81:LinearComp,,,
Mts000M001032.txt,20:BirthdaySpacings,80:LinearComp,81:LinearComp,,,
Mts000M001034.txt,22:ClosePairs,36:Gap,61:WeightDistrib,80:LinearComp,81:LinearComp,
Mts000M001036.txt,24:ClosePairs,80:LinearComp,81:LinearComp,,,
Mts000M001038.txt,21:BirthdaySpacings,80:LinearComp,81:LinearComp,,,
Mts000M001040.txt,1:SerialOver,80:LinearComp,81:LinearComp,,,
Mts000M001042.txt,74:RandomWalk1,80:LinearComp,81:LinearComp,,,
Mts000M001045.txt,10:CollisionOver,80:LinearComp,81:LinearComp,,,
Mts000M001048.txt,22:ClosePairs,74:RandomWalk1,80:LinearComp,81:LinearComp,99:HammingIndep,
Mts000M001053.txt,80:LinearComp,81:LinearComp,82:LempelZiv,,,
Mts000M001056.txt,48:MaxOft,80:LinearComp,81:LinearComp,,,
Mts000M001057.txt,54:SampleMean,80:LinearComp,81:LinearComp,,,
Mts000M001061.txt,38:Run,80:LinearComp,81:LinearComp,,,
Mts000M001064.txt,80:LinearComp,81:LinearComp,98:HammingIndep,99:HammingIndep,,
Mts000M001071.txt,11:CollisionOver,80:LinearComp,81:LinearComp,,,
Mts000M001072.txt,22:ClosePairs,80:LinearComp,81:LinearComp,,,
Mts000M001080.txt,64:WeightDistrib,80:LinearComp,81:LinearComp,,,
Mts000M001086.txt,8:CollisionOver,80:LinearComp,81:LinearComp,,,
Mts000M001088.txt,80:LinearComp,81:LinearComp,94:HammingCorr,,,
Mts000M001090.txt,11:CollisionOver,80:LinearComp,81:LinearComp,,,
Mts000M001093.txt,16:BirthdaySpacings,80:LinearComp,81:LinearComp,,,
Mts000M001097.txt,38:Run,80:LinearComp,81:LinearComp,,,
Mts000M001098.txt,23:ClosePairs,80:LinearComp,81:LinearComp,,,
Mts000M001099.txt,21:BirthdaySpacings,53:SampleMean,80:LinearComp,81:LinearComp,,
Mts000M001115.txt,75:RandomWalk1,80:LinearComp,81:LinearComp,,,
Mts000M001117.txt,76:RandomWalk1,80:LinearComp,81:LinearComp,101:Run,,
Mts000M001119.txt,76:RandomWalk1,80:LinearComp,81:LinearComp,,,
Mts000M001129.txt,36:Gap,80:LinearComp,81:LinearComp,,,
Mts000M001131.txt,6:CollisionOver,80:LinearComp,81:LinearComp,,,
Mts000M001135.txt,22:ClosePairs,60:WeightDistrib,80:LinearComp,81:LinearComp,,
Mts000M001141.txt,77:RandomWalk1,80:LinearComp,81:LinearComp,101:Run,,
Mts000M001144.txt,14:BirthdaySpacings,80:LinearComp,81:LinearComp,,,
Mts000M001146.txt,41:Permutation,80:LinearComp,81:LinearComp,,,
Mts000M001150.txt,80:LinearComp,81:LinearComp,88:PeriodsInStrings,,,
Mts000M001151.txt,22:ClosePairs,80:LinearComp,81:LinearComp,98:HammingIndep,,
Mts000M001159.txt,46:MaxOft,80:LinearComp,81:LinearComp,,,
Mts000M001161.txt,80:LinearComp,81:LinearComp,101:Run,,,
Mts000M001162.txt,10:CollisionOver,80:LinearComp,81:LinearComp,,,
Mts000M001165.txt,78:RandomWalk1,80:LinearComp,81:LinearComp,,,
Mts000M001166.txt,38:Run,80:LinearComp,81:LinearComp,,,
Mts000M001177.txt,12:CollisionOver,80:LinearComp,81:LinearComp,,,
Mts000M001180.txt,19:BirthdaySpacings,80:LinearComp,81:LinearComp,,,
Mts000M001181.txt,25:ClosePairs,80:LinearComp,81:LinearComp,,,
Mts000M001184.txt,46:MaxOft,80:LinearComp,81:LinearComp,,,
Mts000M001186.txt,61:WeightDistrib,80:LinearComp,81:LinearComp,,,
Mts000M001190.txt,79:RandomWalk1,80:LinearComp,81:LinearComp,,,
Mts000M001195.txt,11:CollisionOver,80:LinearComp,81:LinearComp,,,
Mts000M001196.txt,79:RandomWalk1,80:LinearComp,81:LinearComp,87:LongestHeadRun,,
Mts000M001197.txt,42:Permutation,80:LinearComp,81:LinearComp,,,
Mts000M001203.txt,73:GCD,77:RandomWalk1,80:LinearComp,81:LinearComp,,
Mts000M001204.txt,45:CollisionPermut,80:LinearComp,81:LinearComp,,,
Mts000M001206.txt,20:BirthdaySpacings,80:LinearComp,81:LinearComp,,,
Mts000M001207.txt,74:RandomWalk1,80:LinearComp,81:LinearComp,100:HammingIndep,,
Mts000M001208.txt,77:RandomWalk1,80:LinearComp,81:LinearComp,,,
Mts000M001210.txt,10:CollisionOver,80:LinearComp,81:LinearComp,,,
Mts000M001214.txt,8:CollisionOver,79:RandomWalk1,80:LinearComp,81:LinearComp,,
Mts000M001216.txt,36:Gap,80:LinearComp,81:LinearComp,,,
Mts000M001224.txt,25:ClosePairs,80:LinearComp,81:LinearComp,,,
Mts000M001226.txt,63:WeightDistrib,75:RandomWalk1,78:RandomWalk1,80:LinearComp,81:LinearComp,
Mts000M001230.txt,63:WeightDistrib,80:LinearComp,81:LinearComp,,,
Mts000M001232.txt,20:BirthdaySpacings,80:LinearComp,81:LinearComp,,,
Mts000M001234.txt,49:MaxOft,80:LinearComp,81:LinearComp,,,
Mts000M001235.txt,79:RandomWalk1,80:LinearComp,81:LinearComp,,,
Mts000M001237.txt,80:LinearComp,81:LinearComp,96:HammingIndep,,,
Mts000M001239.txt,77:RandomWalk1,80:LinearComp,81:LinearComp,,,
Mts000M001240.txt,79:RandomWalk1,80:LinearComp,81:LinearComp,,,
Mts000M001242.txt,64:WeightDistrib,80:LinearComp,81:LinearComp,,,
Mts000M001246.txt,4:CollisionOver,80:LinearComp,81:LinearComp,,,
Mts000M001247.txt,77:RandomWalk1,80:LinearComp,81:LinearComp,,,
Mts000M001250.txt,47:MaxOft,80:LinearComp,81:LinearComp,,,
Mts000M001252.txt,46:MaxOft,80:LinearComp,81:LinearComp,,,
Mts000M001257.txt,12:CollisionOver,80:LinearComp,81:LinearComp,,,
Mts000M001258.txt,79:RandomWalk1,80:LinearComp,81:LinearComp,,,
Mts000M001270.txt,50:SampleProd,80:LinearComp,81:LinearComp,,,
Mts000M001271.txt,58:AppearanceSpacings,80:LinearComp,81:LinearComp,,,
Mts000M001275.txt,75:RandomWalk1,80:LinearComp,81:LinearComp,,,
Mts000M001279.txt,72:Savir2,80:LinearComp,81:LinearComp,,,
Mts000M001283.txt,12:CollisionOver,80:LinearComp,81:LinearComp,,,
Mts000M001286.txt,79:RandomWalk1,80:LinearComp,81:LinearComp,85:Fourier3,,
Mts000M001287.txt,53:SampleMean,74:RandomWalk1,80:LinearComp,81:LinearComp,,
Mts000M001288.txt,24:ClosePairs,80:LinearComp,81:LinearComp,,,
Mts000M001292.txt,31:CouponCollector,80:LinearComp,81:LinearComp,,,
Mts000M001296.txt,2:SerialOver,80:LinearComp,81:LinearComp,,,
Mts000M001305.txt,2:SerialOver,80:LinearComp,81:LinearComp,,,
Mts000M001307.txt,9:CollisionOver,80:LinearComp,81:LinearComp,,,
Mts000M001311.txt,77:RandomWalk1,80:LinearComp,81:LinearComp,,,
Mts000M001312.txt,11:CollisionOver,80:LinearComp,81:LinearComp,,,
Mts000M001315.txt,27:SimpPoker,80:LinearComp,81:LinearComp,,,
Mts000M001326.txt,75:RandomWalk1,80:LinearComp,81:LinearComp,86:LongestHeadRun,,
Mts000M001327.txt,56:SampleCorr,80:LinearComp,81:LinearComp,,,
Mts000M001333.txt,25:ClosePairs,80:LinearComp,81:LinearComp,,,
Mts000M001339.txt,11:CollisionOver,80:LinearComp,81:LinearComp,,,
Mts000M001341.txt,74:RandomWalk1,80:LinearComp,81:LinearComp,,,
Mts000M001343.txt,24:ClosePairs,80:LinearComp,81:LinearComp,92:HammingCorr,,
Mts000M001345.txt,70:MatrixRank,75:RandomWalk1,80:LinearComp,81:LinearComp,,
Mts000M001348.txt,45:CollisionPermut,80:LinearComp,81:LinearComp,,,
Mts000M001350.txt,24:ClosePairs,80:LinearComp,81:LinearComp,,,
Mts000M001353.txt,10:CollisionOver,80:LinearComp,81:LinearComp,,,
Mts000M001362.txt,17:BirthdaySpacings,80:LinearComp,81:LinearComp,,,
Mts000M001363.txt,60:WeightDistrib,80:LinearComp,81:LinearComp,,,
Mts000M001364.txt,31:CouponCollector,80:LinearComp,81:LinearComp,,,
Mts000M001368.txt,80:LinearComp,81:LinearComp,93:HammingCorr,,,
Mts000M001369.txt,10:CollisionOver,80:LinearComp,81:LinearComp,,,
Mts000M001371.txt,67:MatrixRank,80:LinearComp,81:LinearComp,,,
Mts000M001380.txt,80:LinearComp,81:LinearComp,98:HammingIndep,,,
Mts000M001386.txt,56:SampleCorr,80:LinearComp,81:LinearComp,,,
Mts000M001387.txt,12:CollisionOver,80:LinearComp,81:LinearComp,90:HammingWeight2,,
Mts000M001389.txt,73:GCD,80:LinearComp,81:LinearComp,,,
Mts000M001398.txt,80:LinearComp,81:LinearComp,96:HammingIndep,,,
Mts000M001406.txt,32:CouponCollector,80:LinearComp,81:LinearComp,,,
Mts000M001407.txt,74:RandomWalk1,76:RandomWalk1,80:LinearComp,81:LinearComp,,
Mts000M001410.txt,41:Permutation,80:LinearComp,81:LinearComp,,,
Mts000M001412.txt,42:Permutation,80:LinearComp,81:LinearComp,,,
Mts000M001413.txt,31:CouponCollector,80:LinearComp,81:LinearComp,,,
Mts000M001415.txt,79:RandomWalk1,80:LinearComp,81:LinearComp,,,
Mts000M001429.txt,80:LinearComp,81:LinearComp,104:AutoCor,,,
Mts000M001430.txt,76:RandomWalk1,80:LinearComp,81:LinearComp,,,
Mts000M001431.txt,22:ClosePairs,74:RandomWalk1,80:LinearComp,81:LinearComp,,
Mts000M001433.txt,77:RandomWalk1,80:LinearComp,81:LinearComp,,,
Mts000M001434.txt,80:LinearComp,81:LinearComp,86:LongestHeadRun,,,
Mts000M001435.txt,74:RandomWalk1,80:LinearComp,81:LinearComp,103:AutoCor,,
Mts000M001436.txt,31:CouponCollector,80:LinearComp,81:LinearComp,,,
Mts000M001438.txt,9:CollisionOver,80:LinearComp,81:LinearComp,,,
Mts000M001441.txt,70:MatrixRank,78:RandomWalk1,80:LinearComp,81:LinearComp,,
Mts000M001445.txt,23:ClosePairs,80:LinearComp,81:LinearComp,,,
Mts000M001448.txt,29:SimpPoker,79:RandomWalk1,80:LinearComp,81:LinearComp,,
Mts000M001451.txt,77:RandomWalk1,80:LinearComp,81:LinearComp,,,
Mts000M001453.txt,16:BirthdaySpacings,80:LinearComp,81:LinearComp,,,
Mts000M001457.txt,11:CollisionOver,80:LinearComp,81:LinearComp,,,
Mts000M001466.txt,78:RandomWalk1,80:LinearComp,81:LinearComp,,,
Mts000M001468.txt,10:CollisionOver,80:LinearComp,81:LinearComp,,,
Mts000M001473.txt,2:SerialOver,24:ClosePairs,80:LinearComp,81:LinearComp,,
Mts000M001480.txt,76:RandomWalk1,80:LinearComp,81:LinearComp,,,
Mts000M001483.txt,80:LinearComp,81:LinearComp,100:HammingIndep,,,
Mts000M001486.txt,78:RandomWalk1,80:LinearComp,81:LinearComp,,,
Mts000M001487.txt,23:ClosePairs,80:LinearComp,81:LinearComp,,,
Mts000M001488.txt,22:ClosePairs,80:LinearComp,81:LinearComp,,,
Mts000M001492.txt,23:ClosePairs,80:LinearComp,81:LinearComp,,,
Mts000M001494.txt,62:WeightDistrib,80:LinearComp,81:LinearComp,,,
Mts000M001499.txt,70:MatrixRank,80:LinearComp,81:LinearComp,,,
Mts000M001502.txt,29:SimpPoker,80:LinearComp,81:LinearComp,,,
Mts000M001512.txt,15:BirthdaySpacings,80:LinearComp,81:LinearComp,,,
Mts000M001513.txt,35:Gap,80:LinearComp,81:LinearComp,,,
Mts000M001519.txt,63:WeightDistrib,80:LinearComp,81:LinearComp,,,
Mts000M001524.txt,76:RandomWalk1,80:LinearComp,81:LinearComp,,,
Mts000M001532.txt,80:LinearComp,81:LinearComp,105:AutoCor,,,
Mts000M001534.txt,51:SampleProd,80:LinearComp,81:LinearComp,,,
Mts000M001545.txt,78:RandomWalk1,80:LinearComp,81:LinearComp,,,
Mts000M001550.txt,77:RandomWalk1,80:LinearComp,81:LinearComp,,,
Mts000M001557.txt,22:ClosePairs,80:LinearComp,81:LinearComp,,,
Mts000M001560.txt,42:Permutation,80:LinearComp,81:LinearComp,,,
Mts000M001565.txt,22:ClosePairs,80:LinearComp,81:LinearComp,,,
Mts000M001567.txt,14:BirthdaySpacings,80:LinearComp,81:LinearComp,,,
Mts000M001569.txt,28:SimpPoker,80:LinearComp,81:LinearComp,,,
Mts000M001585.txt,22:ClosePairs,30:CouponCollector,78:RandomWalk1,79:RandomWalk1,80:LinearComp,81:LinearComp
Mts000M001592.txt,80:LinearComp,81:LinearComp,86:LongestHeadRun,,,
Mts000M001595.txt,50:SampleProd,80:LinearComp,81:LinearComp,,,
Mts000M001601.txt,12:CollisionOver,80:LinearComp,81:LinearComp,87:LongestHeadRun,,
Mts000M001605.txt,75:RandomWalk1,80:LinearComp,81:LinearComp,,,
Mts000M001606.txt,46:MaxOft,80:LinearComp,81:LinearComp,103:AutoCor,,
Mts000M001611.txt,80:LinearComp,81:LinearComp,100:HammingIndep,,,
Mts000M001621.txt,62:WeightDistrib,65:SumCollector,80:LinearComp,81:LinearComp,,
Mts000M001622.txt,23:ClosePairs,49:MaxOft,80:LinearComp,81:LinearComp,,
Mts000M001625.txt,80:LinearComp,81:LinearComp,96:HammingIndep,,,
Mts000M001628.txt,14:BirthdaySpacings,25:ClosePairs,80:LinearComp,81:LinearComp,,
Mts000M001629.txt,60:WeightDistrib,80:LinearComp,81:LinearComp,,,
Mts000M001633.txt,67:MatrixRank,80:LinearComp,81:LinearComp,,,
Mts000M001635.txt,80:LinearComp,81:LinearComp,96:HammingIndep,,,
Mts000M001637.txt,46:MaxOft,78:RandomWalk1,80:LinearComp,81:LinearComp,,
Mts000M001643.txt,34:Gap,80:LinearComp,81:LinearComp,,,
Mts000M001649.txt,76:RandomWalk1,80:LinearComp,81:LinearComp,,,
Mts000M001650.txt,25:ClosePairs,74:RandomWalk1,80:LinearComp,81:LinearComp,,
Mts000M001655.txt,80:LinearComp,81:LinearComp,97:HammingIndep,,,
Mts000M001660.txt,52:SampleProd,80:LinearComp,81:LinearComp,,,
Mts000M001663.txt,77:RandomWalk1,80:LinearComp,81:LinearComp,,,
Mts000M001666.txt,41:Permutation,80:LinearComp,81:LinearComp,,,
Mts000M001667.txt,23:ClosePairs,80:LinearComp,81:LinearComp,,,
Mts000M001668.txt,80:LinearComp,81:LinearComp,105:AutoCor,,,
Mts000M001669.txt,24:ClosePairs,80:LinearComp,81:LinearComp,,,
Mts000M001671.txt,56:SampleCorr,80:LinearComp,81:LinearComp,,,
Mts000M001672.txt,41:Permutation,80:LinearComp,81:LinearComp,,,
Mts000M001673.txt,57:AppearanceSpacings,80:LinearComp,81:LinearComp,,,
Mts000M001675.txt,57:AppearanceSpacings,80:LinearComp,81:LinearComp,,,
Mts000M001680.txt,63:WeightDistrib,80:LinearComp,81:LinearComp,,,
Mts000M001687.txt,12:CollisionOver,80:LinearComp,81:LinearComp,,,
Mts000M001695.txt,80:LinearComp,81:LinearComp,96:HammingIndep,,,
Mts000M001697.txt,77:RandomWalk1,80:LinearComp,81:LinearComp,,,
Mts000M001705.txt,12:CollisionOver,54:SampleMean,80:LinearComp,81:LinearComp,,
Mts000M001709.txt,21:BirthdaySpacings,80:LinearComp,81:LinearComp,,,
Mts000M001710.txt,59:WeightDistrib,80:LinearComp,81:LinearComp,,,
Mts000M001714.txt,80:LinearComp,81:LinearComp,104:AutoCor,,,
Mts000M001715.txt,74:RandomWalk1,80:LinearComp,81:LinearComp,,,
Mts000M001717.txt,21:BirthdaySpacings,80:LinearComp,81:LinearComp,,,
Mts000M001723.txt,77:RandomWalk1,80:LinearComp,81:LinearComp,,,
Mts000M001724.txt,24:ClosePairs,74:RandomWalk1,80:LinearComp,81:LinearComp,,
Mts000M001731.txt,76:RandomWalk1,80:LinearComp,81:LinearComp,,,
Mts000M001732.txt,49:MaxOft,80:LinearComp,81:LinearComp,,,
Mts000M001733.txt,80:LinearComp,81:LinearComp,95:HammingIndep,,,
Mts000M001737.txt,11:CollisionOver,80:LinearComp,81:LinearComp,,,
Mts000M001738.txt,80:LinearComp,81:LinearComp,94:HammingCorr,,,
Mts000M001744.txt,78:RandomWalk1,80:LinearComp,81:LinearComp,,,
Mts000M001749.txt,11:CollisionOver,52:SampleProd,80:LinearComp,81:LinearComp,,
Mts000M001750.txt,23:ClosePairs,80:LinearComp,81:LinearComp,88:PeriodsInStrings,,
Mts000M001756.txt,80:LinearComp,81:LinearComp,103:AutoCor,,,
Mts000M001758.txt,74:RandomWalk1,75:RandomWalk1,80:LinearComp,81:LinearComp,,
Mts000M001763.txt,10:CollisionOver,80:LinearComp,81:LinearComp,,,
Mts000M001766.txt,24:ClosePairs,80:LinearComp,81:LinearComp,,,
Mts000M001767.txt,79:RandomWalk1,80:LinearComp,81:LinearComp,,,
Mts000M001770.txt,55:SampleCorr,80:LinearComp,81:LinearComp,,,
Mts000M001777.txt,80:LinearComp,81:LinearComp,102:Run,,,
Mts000M001778.txt,78:RandomWalk1,80:LinearComp,81:LinearComp,,,
Mts000M001783.txt,80:LinearComp,81:LinearComp,86:LongestHeadRun,,,
Mts000M001786.txt,80:LinearComp,81:LinearComp,104:AutoCor,,,
Mts000M001787.txt,19:BirthdaySpacings,78:RandomWalk1,80:LinearComp,81:LinearComp,,
Mts000M001798.txt,65:SumCollector,80:LinearComp,81:LinearComp,,,
Mts000M001801.txt,25:ClosePairs,79:RandomWalk1,80:LinearComp,81:LinearComp,,
Mts000M001803.txt,78:RandomWalk1,80:LinearComp,81:LinearComp,,,
Mts000M001804.txt,76:RandomWalk1,80:LinearComp,81:LinearComp,,,
Mts000M001805.txt,75:RandomWalk1,80:LinearComp,81:LinearComp,,,
Mts000M001807.txt,76:RandomWalk1,80:LinearComp,81:LinearComp,,,
Mts000M001810.txt,9:CollisionOver,48:MaxOft,56:SampleCorr,80:LinearComp,81:LinearComp,
Mts000M001812.txt,23:ClosePairs,80:LinearComp,81:LinearComp,,,
Mts000M001824.txt,22:ClosePairs,80:LinearComp,81:LinearComp,,,
Mts000M001825.txt,58:AppearanceSpacings,80:LinearComp,81:LinearComp,,,
Mts000M001831.txt,24:ClosePairs,80:LinearComp,81:LinearComp,103:AutoCor,,
Mts000M001834.txt,25:ClosePairs,80:LinearComp,81:LinearComp,,,
Mts000M001835.txt,72:Savir2,80:LinearComp,81:LinearComp,,,
Mts000M001837.txt,55:SampleCorr,80:LinearComp,81:LinearComp,,,
Mts000M001838.txt,11:CollisionOver,80:LinearComp,81:LinearComp,,,
Mts000M001840.txt,24:ClosePairs,80:LinearComp,81:LinearComp,,,
Mts000M001842.txt,11:CollisionOver,80:LinearComp,81:LinearComp,,,
Mts000M001844.txt,42:Permutation,80:LinearComp,81:LinearComp,,,
Mts000M001852.txt,29:SimpPoker,56:SampleCorr,77:RandomWalk1,80:LinearComp,81:LinearComp,
Mts000M001859.txt,40:Permutation,80:LinearComp,81:LinearComp,,,
Mts000M001865.txt,76:RandomWalk1,80:LinearComp,81:LinearComp,,,
Mts000M001867.txt,30:CouponCollector,80:LinearComp,81:LinearComp,,,
Mts000M001871.txt,77:RandomWalk1,80:LinearComp,81:LinearComp,,,
Mts000M001873.txt,62:WeightDistrib,80:LinearComp,81:LinearComp,,,
Mts000M001878.txt,24:ClosePairs,80:LinearComp,81:LinearComp,,,
Mts000M001881.txt,11:CollisionOver,80:LinearComp,81:LinearComp,,,
Mts000M001882.txt,80:LinearComp,81:LinearComp,106:AutoCor,,,
Mts000M001884.txt,80:LinearComp,81:LinearComp,103:AutoCor,,,
Mts000M001888.txt,35:Gap,80:LinearComp,81:LinearComp,,,
Mts000M001893.txt,74:RandomWalk1,76:RandomWalk1,80:LinearComp,81:LinearComp,,
Mts000M001897.txt,80:LinearComp,81:LinearComp,86:LongestHeadRun,,,
Mts000M001905.txt,80:LinearComp,81:LinearComp,95:HammingIndep,,,
Mts000M001908.txt,80:LinearComp,81:LinearComp,96:HammingIndep,,,
Mts000M001911.txt,80:LinearComp,81:LinearComp,96:HammingIndep,,,
Mts000M001918.txt,75:RandomWalk1,80:LinearComp,81:LinearComp,,,
Mts000M001919.txt,17:BirthdaySpacings,80:LinearComp,81:LinearComp,,,
Mts000M001921.txt,38:Run,80:LinearComp,81:LinearComp,,,
Mts000M001922.txt,46:MaxOft,80:LinearComp,81:LinearComp,,,
Mts000M001925.txt,80:LinearComp,81:LinearComp,106:AutoCor,,,
Mts000M001929.txt,80:LinearComp,81:LinearComp,98:HammingIndep,,,
Mts000M001931.txt,76:RandomWalk1,80:LinearComp,81:LinearComp,,,
Mts000M001932.txt,80:LinearComp,81:LinearComp,94:HammingCorr,102:Run,,
Mts000M001940.txt,80:LinearComp,81:LinearComp,93:HammingCorr,,,
Mts000M001949.txt,25:ClosePairs,80:LinearComp,81:LinearComp,,,
Mts000M001952.txt,10:CollisionOver,80:LinearComp,81:LinearComp,,,
Mts000M001953.txt,68:MatrixRank,80:LinearComp,81:LinearComp,,,
Mts000M001955.txt,66:MatrixRank,80:LinearComp,81:LinearComp,,,
Mts000M001959.txt,68:MatrixRank,78:RandomWalk1,80:LinearComp,81:LinearComp,,
Mts000M001961.txt,11:CollisionOver,80:LinearComp,81:LinearComp,,,
Mts000M001962.txt,80:LinearComp,81:LinearComp,95:HammingIndep,,,
Mts000M001966.txt,24:ClosePairs,80:LinearComp,81:LinearComp,,,
Mts000M001973.txt,76:RandomWalk1,80:LinearComp,81:LinearComp,,,
Mts000M001974.txt,12:CollisionOver,80:LinearComp,81:LinearComp,,,
Mts000M001984.txt,21:BirthdaySpacings,22:ClosePairs,80:LinearComp,81:LinearComp,,
Mts000M001990.txt,54:SampleMean,80:LinearComp,81:LinearComp,,,
Mts000M001992.txt,23:ClosePairs,79:RandomWalk1,80:LinearComp,81:LinearComp,,
Mts000M002000.txt,74:RandomWalk1,80:LinearComp,81:LinearComp,,,
Mts000M002003.txt,67:MatrixRank,80:LinearComp,81:LinearComp,,,
Mts000M002005.txt,63:WeightDistrib,80:LinearComp,81:LinearComp,,,
Mts000M002007.txt,80:LinearComp,81:LinearComp,102:Run,,,
Mts000M002014.txt,23:ClosePairs,80:LinearComp,81:LinearComp,,,
Mts000M002015.txt,80:LinearComp,81:LinearComp,82:LempelZiv,,,
Mts000M002016.txt,68:MatrixRank,80:LinearComp,81:LinearComp,,,
Mts000M002023.txt,12:CollisionOver,80:LinearComp,81:LinearComp,,,
Mts000M002026.txt,11:CollisionOver,80:LinearComp,81:LinearComp,,,
Mts000M002029.txt,80:LinearComp,81:LinearComp,99:HammingIndep,,,
Mts000M002035.txt,12:CollisionOver,56:SampleCorr,80:LinearComp,81:LinearComp,,
Mts000M002036.txt,25:ClosePairs,80:LinearComp,81:LinearComp,,,
Mts000M002037.txt,16:BirthdaySpacings,80:LinearComp,81:LinearComp,,,
Mts000M002038.txt,16:BirthdaySpacings,80:LinearComp,81:LinearComp,,,
Mts000M002039.txt,8:CollisionOver,80:LinearComp,81:LinearComp,,,
Mts000M002040.txt,80:LinearComp,81:LinearComp,102:Run,,,
Mts000M002041.txt,14:BirthdaySpacings,80:LinearComp,81:LinearComp,,,
Mts000M002048.txt,80:LinearComp,81:LinearComp,83:LempelZiv,,,
Mts000M002050.txt,80:LinearComp,81:LinearComp,106:AutoCor,,,
Mts000M002053.txt,80:LinearComp,81:LinearComp,93:HammingCorr,,,
Mts000M002055.txt,80:LinearComp,81:LinearComp,96:HammingIndep,,,
Mts000M002060.txt,80:LinearComp,81:LinearComp,106:AutoCor,,,
Mts000M002061.txt,80:LinearComp,81:LinearComp,102:Run,,,
Mts000M002062.txt,10:CollisionOver,80:LinearComp,81:LinearComp,,,
Mts000M002068.txt,25:ClosePairs,80:LinearComp,81:LinearComp,,,
Mts000M002071.txt,62:WeightDistrib,80:LinearComp,81:LinearComp,,,
Mts000M002075.txt,79:RandomWalk1,80:LinearComp,81:LinearComp,,,
Mts000M002082.txt,74:RandomWalk1,80:LinearComp,81:LinearComp,,,
Mts000M002087.txt,11:CollisionOver,80:LinearComp,81:LinearComp,,,
Mts000M002091.txt,24:ClosePairs,80:LinearComp,81:LinearComp,,,
Mts000M002092.txt,80:LinearComp,81:LinearComp,101:Run,,,
Mts000M002095.txt,7:CollisionOver,80:LinearComp,81:LinearComp,,,
Mts000M002100.txt,80:LinearComp,81:LinearComp,88:PeriodsInStrings,,,
Mts000M002102.txt,23:ClosePairs,80:LinearComp,81:LinearComp,,,
Mts000M002109.txt,51:SampleProd,80:LinearComp,81:LinearComp,,,
Mts000M002114.txt,29:SimpPoker,80:LinearComp,81:LinearComp,,,
Mts000M002119.txt,80:LinearComp,81:LinearComp,103:AutoCor,,,
Mts000M002123.txt,12:CollisionOver,80:LinearComp,81:LinearComp,,,
Mts000M002130.txt,22:ClosePairs,80:LinearComp,81:LinearComp,,,
Mts000M002134.txt,78:RandomWalk1,80:LinearComp,81:LinearComp,97:HammingIndep,,
Mts000M002135.txt,53:SampleMean,80:LinearComp,81:LinearComp,,,
Mts000M002136.txt,25:ClosePairs,80:LinearComp,81:LinearComp,,,
Mts000M002137.txt,80:LinearComp,81:LinearComp,92:HammingCorr,,,
Mts000M002141.txt,25:ClosePairs,80:LinearComp,81:LinearComp,,,
Mts000M002160.txt,51:SampleProd,80:LinearComp,81:LinearComp,,,
Mts000M002162.txt,54:SampleMean,80:LinearComp,81:LinearComp,,,
Mts000M002167.txt,73:GCD,80:LinearComp,81:LinearComp,,,
Mts000M002176.txt,80:LinearComp,81:LinearComp,89:PeriodsInStrings,,,
Mts000M002188.txt,75:RandomWalk1,80:LinearComp,81:LinearComp,,,
Mts000M002190.txt,11:CollisionOver,80:LinearComp,81:LinearComp,,,
Mts000M002195.txt,25:ClosePairs,80:LinearComp,81:LinearComp,,,
Mts000M002205.txt,63:WeightDistrib,80:LinearComp,81:LinearComp,,,
Mts000M002210.txt,10:CollisionOver,80:LinearComp,81:LinearComp,,,
Mts000M002213.txt,73:GCD,80:LinearComp,81:LinearComp,,,
Mts000M002217.txt,61:WeightDistrib,80:LinearComp,81:LinearComp,,,
Mts000M002218.txt,80:LinearComp,81:LinearComp,82:LempelZiv,,,
Mts000M002220.txt,24:ClosePairs,80:LinearComp,81:LinearComp,,,
Mts000M002222.txt,13:BirthdaySpacings,80:LinearComp,81:LinearComp,,,
Mts000M002226.txt,11:CollisionOver,80:LinearComp,81:LinearComp,,,
Mts000M002237.txt,12:CollisionOver,48:MaxOft,80:LinearComp,81:LinearComp,,
Mts000M002241.txt,34:Gap,80:LinearComp,81:LinearComp,,,
Mts000M002245.txt,61:WeightDistrib,80:LinearComp,81:LinearComp,,,
Mts000M002247.txt,9:CollisionOver,80:LinearComp,81:LinearComp,,,
Mts000M002248.txt,75:RandomWalk1,80:LinearComp,81:LinearComp,,,
Mts000M002253.txt,32:CouponCollector,37:Gap,51:SampleProd,80:LinearComp,81:LinearComp,
Mts000M002256.txt,24:ClosePairs,80:LinearComp,81:LinearComp,,,
Mts000M002258.txt,12:CollisionOver,80:LinearComp,81:LinearComp,,,
Mts000M002261.txt,22:ClosePairs,80:LinearComp,81:LinearComp,,,
Mts000M002264.txt,11:CollisionOver,80:LinearComp,81:LinearComp,,,
Mts000M002265.txt,22:ClosePairs,78:RandomWalk1,80:LinearComp,81:LinearComp,,
Mts000M002266.txt,9:CollisionOver,80:LinearComp,81:LinearComp,,,
Mts000M002267.txt,23:ClosePairs,80:LinearComp,81:LinearComp,,,
Mts000M002277.txt,80:LinearComp,81:LinearComp,88:PeriodsInStrings,,,
Mts000M002286.txt,51:SampleProd,80:LinearComp,81:LinearComp,,,
Mts000M002289.txt,80:LinearComp,81:LinearComp,97:HammingIndep,,,
Mts000M002294.txt,12:CollisionOver,80:LinearComp,81:LinearComp,,,
Mts000M002295.txt,12:CollisionOver,70:MatrixRank,80:LinearComp,81:LinearComp,,
Mts000M002296.txt,39:Run,80:LinearComp,81:LinearComp,,,
Mts000M002298.txt,80:LinearComp,81:LinearComp,90:HammingWeight2,,,
Mts000M002303.txt,78:RandomWalk1,80:LinearComp,81:LinearComp,,,
Mts000M002304.txt,77:RandomWalk1,80:LinearComp,81:LinearComp,,,
Mts000M002305.txt,71:MatrixRank,76:RandomWalk1,80:LinearComp,81:LinearComp,,
Mts000M002311.txt,80:LinearComp,81:LinearComp,101:Run,,,
Mts000M002312.txt,49:MaxOft,80:LinearComp,81:LinearComp,,,
Mts000M002314.txt,77:RandomWalk1,80:LinearComp,81:LinearComp,,,
Mts000M002316.txt,26:SimpPoker,80:LinearComp,81:LinearComp,,,
Mts000M002318.txt,36:Gap,41:Permutation,80:LinearComp,81:LinearComp,,
Mts000M002319.txt,24:ClosePairs,46:MaxOft,80:LinearComp,81:LinearComp,,
Mts000M002321.txt,38:Run,80:LinearComp,81:LinearComp,,,
Mts000M002331.txt,74:RandomWalk1,80:LinearComp,81:LinearComp,,,
Mts000M002340.txt,80:LinearComp,81:LinearComp,103:AutoCor,,,
Mts000M002342.txt,36:Gap,80:LinearComp,81:LinearComp,,,
Mts000M002349.txt,8:CollisionOver,80:LinearComp,81:LinearComp,,,
Mts000M002351.txt,74:RandomWalk1,80:LinearComp,81:LinearComp,,,
Mts000M002354.txt,12:CollisionOver,80:LinearComp,81:LinearComp,,,
Mts000M002355.txt,46:MaxOft,80:LinearComp,81:LinearComp,,,
Mts000M002357.txt,23:ClosePairs,80:LinearComp,81:LinearComp,,,
Mts000M002360.txt,58:AppearanceSpacings,80:LinearComp,81:LinearComp,,,
Mts000M002366.txt,9:CollisionOver,80:LinearComp,81:LinearComp,,,
Mts000M002367.txt,76:RandomWalk1,80:LinearComp,81:LinearComp,,,
Mts000M002370.txt,43:Permutation,53:SampleMean,80:LinearComp,81:LinearComp,,
Mts000M002376.txt,33:CouponCollector,80:LinearComp,81:LinearComp,,,
Mts000M002381.txt,76:RandomWalk1,80:LinearComp,81:LinearComp,,,
Mts000M002383.txt,35:Gap,80:LinearComp,81:LinearComp,,,
Mts000M002384.txt,23:ClosePairs,24:ClosePairs,80:LinearComp,81:LinearComp,,
Mts000M002386.txt,17:BirthdaySpacings,80:LinearComp,81:LinearComp,,,
Mts000M002387.txt,1:SerialOver,22:ClosePairs,80:LinearComp,81:LinearComp,,
Mts000M002392.txt,29:SimpPoker,80:LinearComp,81:LinearComp,,,
Mts000M002394.txt,50:SampleProd,80:LinearComp,81:LinearComp,,,
Mts000M002399.txt,11:CollisionOver,73:GCD,80:LinearComp,81:LinearComp,86:LongestHeadRun,
Mts000M002400.txt,66:MatrixRank,80:LinearComp,81:LinearComp,,,
Mts000M002405.txt,42:Permutation,80:LinearComp,81:LinearComp,,,
Mts000M002408.txt,38:Run,80:LinearComp,81:LinearComp,,,
Mts000M002410.txt,78:RandomWalk1,80:LinearComp,81:LinearComp,,,
Mts000M002413.txt,24:ClosePairs,80:LinearComp,81:LinearComp,,,
Mts000M002415.txt,80:LinearComp,81:LinearComp,96:HammingIndep,,,
Mts000M002419.txt,75:RandomWalk1,80:LinearComp,81:LinearComp,,,
Mts000M002421.txt,80:LinearComp,81:LinearComp,104:AutoCor,,,
Mts000M002425.txt,67:MatrixRank,80:LinearComp,81:LinearComp,,,
Mts000M002429.txt,30:CouponCollector,80:LinearComp,81:LinearComp,,,
Mts000M002430.txt,74:RandomWalk1,80:LinearComp,81:LinearComp,,,
Mts000M002432.txt,25:ClosePairs,80:LinearComp,81:LinearComp,,,
Mts000M002438.txt,74:RandomWalk1,80:LinearComp,81:LinearComp,,,
Mts000M002439.txt,80:LinearComp,81:LinearComp,102:Run,,,
Mts000M002444.txt,80:LinearComp,81:LinearComp,103:AutoCor,,,
Mts000M002445.txt,80:LinearComp,81:LinearComp,97:HammingIndep,,,
Mts000M002449.txt,53:SampleMean,80:LinearComp,81:LinearComp,,,
Mts000M002450.txt,12:CollisionOver,80:LinearComp,81:LinearComp,,,
Mts000M002451.txt,2:SerialOver,80:LinearComp,81:LinearComp,,,
Mts000M002456.txt,80:LinearComp,81:LinearComp,101:Run,,,
Mts000M002461.txt,22:ClosePairs,80:LinearComp,81:LinearComp,,,
Mts000M002462.txt,24:ClosePairs,80:LinearComp,81:LinearComp,,,
Mts000M002464.txt,59:WeightDistrib,80:LinearComp,81:LinearComp,,,
Mts000M002465.txt,57:AppearanceSpacings,80:LinearComp,81:LinearComp,,,
Mts000M002466.txt,16:BirthdaySpacings,80:LinearComp,81:LinearComp,,,
Mts000M002473.txt,68:MatrixRank,80:LinearComp,81:LinearComp,,,
Mts000M002474.txt,11:CollisionOver,80:LinearComp,81:LinearComp,,,
Mts000M002476.txt,80:LinearComp,81:LinearComp,95:HammingIndep,,,
Mts000M002477.txt,9:CollisionOver,80:LinearComp,81:LinearComp,,,
Mts000M002478.txt,71:MatrixRank,80:LinearComp,81:LinearComp,,,
Mts000M002480.txt,46:MaxOft,80:LinearComp,81:LinearComp,,,
Mts000M002483.txt,67:MatrixRank,80:LinearComp,81:LinearComp,,,
Mts000M002491.txt,74:RandomWalk1,80:LinearComp,81:LinearComp,,,
Mts000M002495.txt,79:RandomWalk1,80:LinearComp,81:LinearComp,,,
Mts000M002511.txt,36:Gap,80:LinearComp,81:LinearComp,,,
Mts000M002518.txt,24:ClosePairs,32:CouponCollector,80:LinearComp,81:LinearComp,,
Mts000M002519.txt,71:MatrixRank,80:LinearComp,81:LinearComp,,,
Mts000M002520.txt,80:LinearComp,81:LinearComp,95:HammingIndep,,,
Mts000M002523.txt,11:CollisionOver,80:LinearComp,81:LinearComp,,,
Mts000M002527.txt,80:LinearComp,81:LinearComp,105:AutoCor,,,
Mts000M002528.txt,42:Permutation,80:LinearComp,81:LinearComp,,,
Mts000M002532.txt,48:MaxOft,80:LinearComp,81:LinearComp,,,
Mts000M002535.txt,18:BirthdaySpacings,80:LinearComp,81:LinearComp,82:LempelZiv,,
Mts000M002536.txt,80:LinearComp,81:LinearComp,93:HammingCorr,,,
Mts000M002539.txt,9:CollisionOver,80:LinearComp,81:LinearComp,,,
Mts000M002545.txt,76:RandomWalk1,80:LinearComp,81:LinearComp,,,
Mts000M002547.txt,23:ClosePairs,80:LinearComp,81:LinearComp,,,
Mts000M002548.txt,12:CollisionOver,80:LinearComp,81:LinearComp,,,
Mts000M002549.txt,74:RandomWalk1,80:LinearComp,81:LinearComp,,,
Mts000M002559.txt,80:LinearComp,81:LinearComp,104:AutoCor,,,
Mts000M002561.txt,76:RandomWalk1,80:LinearComp,81:LinearComp,,,
Mts000M002562.txt,79:RandomWalk1,80:LinearComp,81:LinearComp,,,
Mts000M002563.txt,55:SampleCorr,80:LinearComp,81:LinearComp,,,
Mts000M002568.txt,79:RandomWalk1,80:LinearComp,81:LinearComp,,,
Mts000M002573.txt,25:ClosePairs,80:LinearComp,81:LinearComp,,,
Mts000M002574.txt,28:SimpPoker,80:LinearComp,81:LinearComp,,,
Mts000M002577.txt,69:MatrixRank,80:LinearComp,81:LinearComp,,,
Mts000M002578.txt,80:LinearComp,81:LinearComp,85:Fourier3,,,
Mts000M002579.txt,61:WeightDistrib,80:LinearComp,81:LinearComp,,,
Mts000M002583.txt,59:WeightDistrib,80:LinearComp,81:LinearComp,,,
Mts000M002585.txt,59:WeightDistrib,60:WeightDistrib,80:LinearComp,81:LinearComp,,
Mts000M002587.txt,9:CollisionOver,80:LinearComp,81:LinearComp,,,
Mts000M002588.txt,16:BirthdaySpacings,80:LinearComp,81:LinearComp,,,
Mts000M002596.txt,12:CollisionOver,80:LinearComp,81:LinearComp,,,
Mts000M002598.txt,42:Permutation,80:LinearComp,81:LinearComp,,,
Mts000M002601.txt,62:WeightDistrib,80:LinearComp,81:LinearComp,,,
Mts000M002610.txt,11:CollisionOver,80:LinearComp,81:LinearComp,,,
Mts000M002617.txt,15:BirthdaySpacings,66:MatrixRank,80:LinearComp,81:LinearComp,,
Mts000M002618.txt,79:RandomWalk1,80:LinearComp,81:LinearComp,,,
Mts000M002622.txt,80:LinearComp,81:LinearComp,94:HammingCorr,,,
Mts000M002624.txt,56:SampleCorr,80:LinearComp,81:LinearComp,,,
Mts000M002625.txt,44:CollisionPermut,80:LinearComp,81:LinearComp,,,
Mts000M002631.txt,49:MaxOft,80:LinearComp,81:LinearComp,,,
Mts000M002637.txt,80:LinearComp,81:LinearComp,98:HammingIndep,,,
Mts000M002638.txt,47:MaxOft,80:LinearComp,81:LinearComp,,,
Mts000M002639.txt,12:CollisionOver,80:LinearComp,81:LinearComp,,,
Mts000M002643.txt,22:ClosePairs,80:LinearComp,81:LinearComp,,,
Mts000M002646.txt,75:RandomWalk1,80:LinearComp,81:LinearComp,,,
Mts000M002649.txt,24:ClosePairs,80:LinearComp,81:LinearComp,,,
Mts000M002653.txt,24:ClosePairs,77:RandomWalk1,80:LinearComp,81:LinearComp,,
Mts000M002659.txt,80:LinearComp,81:LinearComp,99:HammingIndep,,,
Mts000M002665.txt,80:LinearComp,81:LinearComp,106:AutoCor,,,
Mts000M002667.txt,77:RandomWalk1,80:LinearComp,81:LinearComp,,,
Mts000M002668.txt,15:BirthdaySpacings,78:RandomWalk1,80:LinearComp,81:LinearComp,,
Mts000M002672.txt,63:WeightDistrib,80:LinearComp,81:LinearComp,,,
Mts000M002677.txt,24:ClosePairs,80:LinearComp,81:LinearComp,,,
Mts000M002680.txt,80:LinearComp,81:LinearComp,83:LempelZiv,,,
Mts000M002681.txt,72:Savir2,80:LinearComp,81:LinearComp,,,
Mts000M002682.txt,77:RandomWalk1,80:LinearComp,81:LinearComp,,,
Mts000M002685.txt,12:CollisionOver,80:LinearComp,81:LinearComp,,,
Mts000M002689.txt,12:CollisionOver,65:SumCollector,80:LinearComp,81:LinearComp,,
Mts000M002695.txt,46:MaxOft,80:LinearComp,81:LinearComp,,,
Mts000M002698.txt,13:BirthdaySpacings,80:LinearComp,81:LinearComp,,,
Mts000M002702.txt,23:ClosePairs,80:LinearComp,81:LinearComp,,,
Mts000M002704.txt,59:WeightDistrib,80:LinearComp,81:LinearComp,,,
Mts000M002705.txt,74:RandomWalk1,80:LinearComp,81:LinearComp,,,
Mts000M002708.txt,25:ClosePairs,53:SampleMean,80:LinearComp,81:LinearComp,,
Mts000M002714.txt,80:LinearComp,81:LinearComp,87:LongestHeadRun,,,
Mts000M002715.txt,67:MatrixRank,80:LinearComp,81:LinearComp,,,
Mts000M002717.txt,53:SampleMean,74:RandomWalk1,80:LinearComp,81:LinearComp,,
Mts000M002721.txt,76:RandomWalk1,80:LinearComp,81:LinearComp,,,
Mts000M002730.txt,77:RandomWalk1,80:LinearComp,81:LinearComp,,,
Mts000M002731.txt,11:CollisionOver,60:WeightDistrib,80:LinearComp,81:LinearComp,,
Mts000M002732.txt,18:BirthdaySpacings,80:LinearComp,81:LinearComp,,,
Mts000M002734.txt,80:LinearComp,81:LinearComp,96:HammingIndep,,,
Mts000M002735.txt,76:RandomWalk1,80:LinearComp,81:LinearComp,,,
Mts000M002736.txt,80:LinearComp,81:LinearComp,100:HammingIndep,,,
Mts000M002738.txt,45:CollisionPermut,80:LinearComp,81:LinearComp,,,
Mts000M002739.txt,76:RandomWalk1,80:LinearComp,81:LinearComp,82:LempelZiv,,
Mts000M002740.txt,50:SampleProd,80:LinearComp,81:LinearComp,,,
Mts000M002745.txt,80:LinearComp,81:LinearComp,86:LongestHeadRun,,,
Mts000M002746.txt,11:CollisionOver,23:ClosePairs,80:LinearComp,81:LinearComp,,
Mts000M002748.txt,47:MaxOft,80:LinearComp,81:LinearComp,,,
Mts000M002749.txt,43:Permutation,80:LinearComp,81:LinearComp,,,
Mts000M002751.txt,37:Gap,80:LinearComp,81:LinearComp,,,
Mts000M002753.txt,46:MaxOft,80:LinearComp,81:LinearComp,,,
Mts000M002755.txt,10:CollisionOver,80:LinearComp,81:LinearComp,,,
Mts000M002761.txt,80:LinearComp,81:LinearComp,94:HammingCorr,,,
Mts000M002764.txt,18:BirthdaySpacings,80:LinearComp,81:LinearComp,,,
Mts000M002765.txt,11:CollisionOver,80:LinearComp,81:LinearComp,,,
Mts000M002768.txt,18:BirthdaySpacings,80:LinearComp,81:LinearComp,,,
Mts000M002770.txt,75:RandomWalk1,80:LinearComp,81:LinearComp,,,
Mts000M002772.txt,75:RandomWalk1,80:LinearComp,81:LinearComp,,,
Mts000M002777.txt,74:RandomWalk1,80:LinearComp,81:LinearComp,,,
Mts000M002781.txt,60:WeightDistrib,80:LinearComp,81:LinearComp,,,
Mts000M002785.txt,80:LinearComp,81:LinearComp,87:LongestHeadRun,,,
Mts000M002791.txt,16:BirthdaySpacings,24:ClosePairs,80:LinearComp,81:LinearComp,,
Mts000M002793.txt,80:LinearComp,81:LinearComp,104:AutoCor,,,
Mts000M002794.txt,80:LinearComp,81:LinearComp,88:PeriodsInStrings,,,
Mts000M002802.txt,19:BirthdaySpacings,80:LinearComp,81:LinearComp,,,
Mts000M002805.txt,22:ClosePairs,80:LinearComp,81:LinearComp,,,
Mts000M002806.txt,78:RandomWalk1,80:LinearComp,81:LinearComp,,,
Mts000M002811.txt,61:WeightDistrib,80:LinearComp,81:LinearComp,,,
Mts000M002820.txt,38:Run,80:LinearComp,81:LinearComp,,,
Mts000M002824.txt,50:SampleProd,76:RandomWalk1,80:LinearComp,81:LinearComp,,
Mts000M002826.txt,63:WeightDistrib,77:RandomWalk1,80:LinearComp,81:LinearComp,,
Mts000M002827.txt,7:CollisionOver,11:CollisionOver,80:LinearComp,81:LinearComp,,
Mts000M002830.txt,9:CollisionOver,80:LinearComp,81:LinearComp,,,
Mts000M002834.txt,10:CollisionOver,80:LinearComp,81:LinearComp,,,
Mts000M002838.txt,60:WeightDistrib,80:LinearComp,81:LinearComp,,,
Mts000M002841.txt,80:LinearComp,81:LinearComp,93:HammingCorr,,,
Mts000M002844.txt,57:AppearanceSpacings,80:LinearComp,81:LinearComp,,,
Mts000M002851.txt,11:CollisionOver,80:LinearComp,81:LinearComp,,,
Mts000M002855.txt,47:MaxOft,80:LinearComp,81:LinearComp,,,
Mts000M002857.txt,56:SampleCorr,77:RandomWalk1,80:LinearComp,81:LinearComp,,
Mts000M002859.txt,11:CollisionOver,80:LinearComp,81:LinearComp,,,
Mts000M002860.txt,80:LinearComp,81:LinearComp,90:HammingWeight2,,,
Mts000M002866.txt,23:ClosePairs,80:LinearComp,81:LinearComp,,,
Mts000M002870.txt,80:LinearComp,81:LinearComp,91:HammingWeight2,,,
Mts000M002871.txt,3:CollisionOver,47:MaxOft,80:LinearComp,81:LinearComp,,
Mts000M002873.txt,5:CollisionOver,78:RandomWalk1,80:LinearComp,81:LinearComp,,
Mts000M002880.txt,76:RandomWalk1,80:LinearComp,81:LinearComp,,,
Mts000M002885.txt,42:Permutation,80:LinearComp,81:LinearComp,,,
Mts000M002887.txt,55:SampleCorr,74:RandomWalk1,80:LinearComp,81:LinearComp,,
Mts000M002890.txt,78:RandomWalk1,80:LinearComp,81:LinearComp,,,
Mts000M002892.txt,78:RandomWalk1,80:LinearComp,81:LinearComp,,,
Mts000M002893.txt,76:RandomWalk1,80:LinearComp,81:LinearComp,,,
Mts000M002895.txt,80:LinearComp,81:LinearComp,88:PeriodsInStrings,,,
Mts000M002896.txt,12:CollisionOver,18:BirthdaySpacings,80:LinearComp,81:LinearComp,,
Mts000M002898.txt,80:LinearComp,81:LinearComp,93:HammingCorr,,,
Mts000M002905.txt,56:SampleCorr,80:LinearComp,81:LinearComp,,,
Mts000M002911.txt,74:RandomWalk1,80:LinearComp,81:LinearComp,,,
Mts000M002914.txt,39:Run,80:LinearComp,81:LinearComp,,,
Mts000M002915.txt,35:Gap,65:SumCollector,80:LinearComp,81:LinearComp,,
Mts000M002916.txt,80:LinearComp,81:LinearComp,96:HammingIndep,,,
Mts000M002923.txt,48:MaxOft,80:LinearComp,81:LinearComp,,,
Mts000M002925.txt,20:BirthdaySpacings,80:LinearComp,81:LinearComp,,,
Mts000M002928.txt,2:SerialOver,22:ClosePairs,80:LinearComp,81:LinearComp,,
Mts000M002931.txt,44:CollisionPermut,80:LinearComp,81:LinearComp,,,
Mts000M002936.txt,4:CollisionOver,80:LinearComp,81:LinearComp,,,
Mts000M002941.txt,67:MatrixRank,80:LinearComp,81:LinearComp,,,
Mts000M002944.txt,63:WeightDistrib,80:LinearComp,81:LinearComp,,,
Mts000M002948.txt,57:AppearanceSpacings,67:MatrixRank,80:LinearComp,81:LinearComp,,
Mts000M002953.txt,2:SerialOver,80:LinearComp,81:LinearComp,,,
Mts000M002955.txt,9:CollisionOver,80:LinearComp,81:LinearComp,90:HammingWeight2,,
Mts000M002971.txt,73:GCD,80:LinearComp,81:LinearComp,,,
Mts000M002977.txt,11:CollisionOver,80:LinearComp,81:LinearComp,,,
Mts000M002982.txt,80:LinearComp,81:LinearComp,91:HammingWeight2,,,
Mts000M002988.txt,12:CollisionOver,47:MaxOft,80:LinearComp,81:LinearComp,,
Mts000M002989.txt,1:SerialOver,80:LinearComp,81:LinearComp,,,
Mts000M002998.txt,77:RandomWalk1,80:LinearComp,81:LinearComp,86:LongestHeadRun,,
Mts000M003000.txt,34:Gap,80:LinearComp,81:LinearComp,,,
Mts000M003001.txt,17:BirthdaySpacings,80:LinearComp,81:LinearComp,,,
Mts000M003004.txt,4:CollisionOver,80:LinearComp,81:LinearComp,,,
Mts000M003014.txt,26:SimpPoker,62:WeightDistrib,80:LinearComp,81:LinearComp,,
Mts000M003017.txt,60:WeightDistrib,80:LinearComp,81:LinearComp,,,
Mts000M003020.txt,24:ClosePairs,27:SimpPoker,80:LinearComp,81:LinearComp,,
Mts000M003025.txt,74:RandomWalk1,80:LinearComp,81:LinearComp,,,
Mts000M003026.txt,7:CollisionOver,80:LinearComp,81:LinearComp,,,
Mts000M003030.txt,56:SampleCorr,80:LinearComp,81:LinearComp,,,
Mts000M003032.txt,79:RandomWalk1,80:LinearComp,81:LinearComp,,,
Mts000M003033.txt,57:AppearanceSpacings,80:LinearComp,81:LinearComp,,,
Mts000M003034.txt,19:BirthdaySpacings,80:LinearComp,81:LinearComp,,,
Mts000M003037.txt,35:Gap,80:LinearComp,81:LinearComp,,,
Mts000M003043.txt,12:CollisionOver,80:LinearComp,81:LinearComp,,,
Mts000M003044.txt,42:Permutation,80:LinearComp,81:LinearComp,,,
Mts000M003045.txt,80:LinearComp,81:LinearComp,105:AutoCor,,,
Mts000M003047.txt,10:CollisionOver,52:SampleProd,80:LinearComp,81:LinearComp,,
Mts000M003050.txt,74:RandomWalk1,80:LinearComp,81:LinearComp,,,
Mts000M003053.txt,80:LinearComp,81:LinearComp,105:AutoCor,,,
Mts000M003055.txt,73:GCD,80:LinearComp,81:LinearComp,,,
Mts000M003058.txt,11:CollisionOver,80:LinearComp,81:LinearComp,,,
Mts000M003063.txt,23:ClosePairs,77:RandomWalk1,80:LinearComp,81:LinearComp,,
Mts000M003064.txt,76:RandomWalk1,80:LinearComp,81:LinearComp,,,
Mts000M003066.txt,30:CouponCollector,80:LinearComp,81:LinearComp,,,
Mts000M003070.txt,76:RandomWalk1,80:LinearComp,81:LinearComp,,,
Mts000M003071.txt,22:ClosePairs,80:LinearComp,81:LinearComp,,,
Mts000M003076.txt,10:CollisionOver,80:LinearComp,81:LinearComp,,,
Mts000M003084.txt,69:MatrixRank,80:LinearComp,81:LinearComp,,,
Mts000M003087.txt,78:RandomWalk1,80:LinearComp,81:LinearComp,,,
Mts000M003091.txt,27:SimpPoker,80:LinearComp,81:LinearComp,,,
Mts000M003092.txt,12:CollisionOver,80:LinearComp,81:LinearComp,,,
Mts000M003094.txt,48:MaxOft,80:LinearComp,81:LinearComp,,,
Mts000M003095.txt,11:CollisionOver,25:ClosePairs,80:LinearComp,81:LinearComp,,
Mts000M003096.txt,80:LinearComp,81:LinearComp,101:Run,,,
Mts000M003103.txt,22:ClosePairs,80:LinearComp,81:LinearComp,,,
Mts000M003109.txt,12:CollisionOver,80:LinearComp,81:LinearComp,,,
Mts000M003115.txt,9:CollisionOver,80:LinearComp,81:LinearComp,,,
Mts000M003119.txt,71:MatrixRank,80:LinearComp,81:LinearComp,,,
Mts000M003123.txt,49:MaxOft,80:LinearComp,81:LinearComp,,,
Mts000M003125.txt,73:GCD,80:LinearComp,81:LinearComp,,,
Mts000M003126.txt,23:ClosePairs,80:LinearComp,81:LinearComp,,,
Mts000M003131.txt,70:MatrixRank,80:LinearComp,81:LinearComp,,,
Mts000M003136.txt,24:ClosePairs,80:LinearComp,81:LinearComp,,,
Mts000M003141.txt,72:Savir2,80:LinearComp,81:LinearComp,,,
Mts000M003142.txt,7:CollisionOver,80:LinearComp,81:LinearComp,,,
Mts000M003148.txt,13:BirthdaySpacings,55:SampleCorr,80:LinearComp,81:LinearComp,,
Mts000M003151.txt,80:LinearComp,81:LinearComp,94:HammingCorr,,,
Mts000M003162.txt,74:RandomWalk1,80:LinearComp,81:LinearComp,,,
Mts000M003163.txt,19:BirthdaySpacings,80:LinearComp,81:LinearComp,,,
Mts000M003164.txt,53:SampleMean,56:SampleCorr,80:LinearComp,81:LinearComp,,
Mts000M003166.txt,80:LinearComp,81:LinearComp,82:LempelZiv,,,
Mts000M003173.txt,10:CollisionOver,80:LinearComp,81:LinearComp,,,
Mts000M003177.txt,62:WeightDistrib,76:RandomWalk1,80:LinearComp,81:LinearComp,,
Mts000M003178.txt,76:RandomWalk1,79:RandomWalk1,80:LinearComp,81:LinearComp,,
Mts000M003179.txt,48:MaxOft,80:LinearComp,81:LinearComp,,,
Mts000M003184.txt,25:ClosePairs,80:LinearComp,81:LinearComp,,,
Mts000M003194.txt,80:LinearComp,81:LinearComp,98:HammingIndep,,,
Mts000M003195.txt,59:WeightDistrib,80:LinearComp,81:LinearComp,,,
Mts000M003198.txt,24:ClosePairs,80:LinearComp,81:LinearComp,,,
Mts000M003199.txt,76:RandomWalk1,80:LinearComp,81:LinearComp,,,
Mts000M003203.txt,4:CollisionOver,80:LinearComp,81:LinearComp,,,
Mts000M003207.txt,74:RandomWalk1,80:LinearComp,81:LinearComp,,,
Mts000M003212.txt,51:SampleProd,80:LinearComp,81:LinearComp,,,
Mts000M003214.txt,60:WeightDistrib,80:LinearComp,81:LinearComp,,,
Mts000M003215.txt,61:WeightDistrib,80:LinearComp,81:LinearComp,,,
Mts000M003217.txt,23:ClosePairs,80:LinearComp,81:LinearComp,,,
Mts000M003222.txt,23:ClosePairs,59:WeightDistrib,74:RandomWalk1,80:LinearComp,81:LinearComp,
Mts000M003226.txt,49:MaxOft,80:LinearComp,81:LinearComp,,,
Mts000M003227.txt,25:ClosePairs,80:LinearComp,81:LinearComp,,,
Mts000M003228.txt,41:Permutation,80:LinearComp,81:LinearComp,,,
Mts000M003239.txt,75:RandomWalk1,80:LinearComp,81:LinearComp,,,
Mts000M003240.txt,80:LinearComp,81:LinearComp,93:HammingCorr,,,
Mts000M003241.txt,39:Run,80:LinearComp,81:LinearComp,,,
Mts000M003242.txt,74:RandomWalk1,80:LinearComp,81:LinearComp,,,
Mts000M003247.txt,66:MatrixRank,68:MatrixRank,80:LinearComp,81:LinearComp,,
Mts000M003256.txt,7:CollisionOver,80:LinearComp,81:LinearComp,,,
Mts000M003263.txt,24:ClosePairs,25:ClosePairs,80:LinearComp,81:LinearComp,,
Mts000M003269.txt,74:RandomWalk1,80:LinearComp,81:LinearComp,,,
Mts000M003271.txt,27:SimpPoker,80:LinearComp,81:LinearComp,,,
Mts000M003272.txt,4:CollisionOver,80:LinearComp,81:LinearComp,,,
Mts000M003278.txt,9:CollisionOver,80:LinearComp,81:LinearComp,,,
Mts000M003281.txt,11:CollisionOver,80:LinearComp,81:LinearComp,,,
Mts000M003288.txt,11:CollisionOver,80:LinearComp,81:LinearComp,,,
Mts000M003289.txt,65:SumCollector,80:LinearComp,81:LinearComp,,,
Mts000M003292.txt,60:WeightDistrib,80:LinearComp,81:LinearComp,,,
Mts000M003297.txt,10:CollisionOver,80:LinearComp,81:LinearComp,,,
Mts000M003305.txt,17:BirthdaySpacings,80:LinearComp,81:LinearComp,,,
Mts000M003308.txt,55:SampleCorr,80:LinearComp,81:LinearComp,,,
Mts000M003311.txt,76:RandomWalk1,80:LinearComp,81:LinearComp,,,
Mts000M003312.txt,7:CollisionOver,80:LinearComp,81:LinearComp,82:LempelZiv,87:LongestHeadRun,
Mts000M003313.txt,76:RandomWalk1,80:LinearComp,81:LinearComp,,,
Mts000M003315.txt,12:CollisionOver,80:LinearComp,81:LinearComp,,,
Mts000M003319.txt,80:LinearComp,81:LinearComp,83:LempelZiv,,,
Mts000M003322.txt,72:Savir2,78:RandomWalk1,80:LinearComp,81:LinearComp,,
Mts000M003326.txt,21:BirthdaySpacings,80:LinearComp,81:LinearComp,,,
Mts000M003329.txt,76:RandomWalk1,80:LinearComp,81:LinearComp,,,
Mts000M003330.txt,11:CollisionOver,80:LinearComp,81:LinearComp,,,
Mts000M003333.txt,4:CollisionOver,22:ClosePairs,77:RandomWalk1,80:LinearComp,81:LinearComp,
Mts000M003341.txt,34:Gap,80:LinearComp,81:LinearComp,,,
Mts000M003343.txt,80:LinearComp,81:LinearComp,83:LempelZiv,,,
Mts000M003350.txt,12:CollisionOver,77:RandomWalk1,80:LinearComp,81:LinearComp,,
Mts000M003355.txt,8:CollisionOver,80:LinearComp,81:LinearComp,,,
Mts000M003360.txt,14:BirthdaySpacings,80:LinearComp,81:LinearComp,,,
Mts000M003364.txt,10:CollisionOver,80:LinearComp,81:LinearComp,,,
Mts000M003366.txt,25:ClosePairs,80:LinearComp,81:LinearComp,,,
Mts000M003384.txt,67:MatrixRank,80:LinearComp,81:LinearComp,,,
Mts000M003386.txt,74:RandomWalk1,80:LinearComp,81:LinearComp,,,
Mts000M003395.txt,25:ClosePairs,80:LinearComp,81:LinearComp,,,
Mts000M003400.txt,52:SampleProd,80:LinearComp,81:LinearComp,,,
Mts000M003403.txt,24:ClosePairs,80:LinearComp,81:LinearComp,,,
Mts000M003407.txt,21:BirthdaySpacings,80:LinearComp,81:LinearComp,,,
Mts000M003409.txt,1:SerialOver,80:LinearComp,81:LinearComp,,,
Mts000M003412.txt,46:MaxOft,80:LinearComp,81:LinearComp,,,
Mts000M003418.txt,25:ClosePairs,80:LinearComp,81:LinearComp,,,
Mts000M003421.txt,17:BirthdaySpacings,80:LinearComp,81:LinearComp,,,
Mts000M003422.txt,80:LinearComp,81:LinearComp,93:HammingCorr,,,
Mts000M003432.txt,1:SerialOver,80:LinearComp,81:LinearComp,92:HammingCorr,,
Mts000M003437.txt,49:MaxOft,80:LinearComp,81:LinearComp,,,
Mts000M003445.txt,8:CollisionOver,80:LinearComp,81:LinearComp,,,
Mts000M003450.txt,49:MaxOft,80:LinearComp,81:LinearComp,,,
Mts000M003451.txt,24:ClosePairs,80:LinearComp,81:LinearComp,,,
Mts000M003452.txt,12:CollisionOver,48:MaxOft,80:LinearComp,81:LinearComp,,
Mts000M003453.txt,28:SimpPoker,55:SampleCorr,80:LinearComp,81:LinearComp,86:LongestHeadRun,
Mts000M003456.txt,63:WeightDistrib,80:LinearComp,81:LinearComp,,,
Mts000M003461.txt,11:CollisionOver,80:LinearComp,81:LinearComp,,,
Mts000M003466.txt,35:Gap,80:LinearComp,81:LinearComp,,,
Mts000M003470.txt,10:CollisionOver,80:LinearComp,81:LinearComp,,,
Mts000M003471.txt,1:SerialOver,80:LinearComp,81:LinearComp,,,
Mts000M003472.txt,74:RandomWalk1,80:LinearComp,81:LinearComp,,,
Mts000M003477.txt,12:CollisionOver,75:RandomWalk1,80:LinearComp,81:LinearComp,,
Mts000M003479.txt,3:CollisionOver,80:LinearComp,81:LinearComp,100:HammingIndep,,
Mts000M003482.txt,12:CollisionOver,78:RandomWalk1,80:LinearComp,81:LinearComp,,
Mts000M003483.txt,46:MaxOft,80:LinearComp,81:LinearComp,,,
Mts000M003484.txt,66:MatrixRank,80:LinearComp,81:LinearComp,,,
Mts000M003493.txt,79:RandomWalk1,80:LinearComp,81:LinearComp,,,
Mts000M003495.txt,74:RandomWalk1,80:LinearComp,81:LinearComp,,,
Mts000M003496.txt,46:MaxOft,80:LinearComp,81:LinearComp,,,
Mts000M003497.txt,37:Gap,80:LinearComp,81:LinearComp,,,
Mts000M003503.txt,26:SimpPoker,80:LinearComp,81:LinearComp,,,
Mts000M003513.txt,72:Savir2,75:RandomWalk1,80:LinearComp,81:LinearComp,,
Mts000M003518.txt,56:SampleCorr,80:LinearComp,81:LinearComp,95:HammingIndep,,
Mts000M003519.txt,80:LinearComp,81:LinearComp,90:HammingWeight2,,,
Mts000M003523.txt,80:LinearComp,81:LinearComp,97:HammingIndep,,,
Mts000M003525.txt,31:CouponCollector,80:LinearComp,81:LinearComp,88:PeriodsInStrings,,
Mts000M003532.txt,24:ClosePairs,80:LinearComp,81:LinearComp,,,
Mts000M003533.txt,11:CollisionOver,80:LinearComp,81:LinearComp,,,
Mts000M003538.txt,67:MatrixRank,80:LinearComp,81:LinearComp,,,
Mts000M003549.txt,23:ClosePairs,80:LinearComp,81:LinearComp,,,
Mts000M003555.txt,17:BirthdaySpacings,74:RandomWalk1,80:LinearComp,81:LinearComp,,
Mts000M003556.txt,20:BirthdaySpacings,80:LinearComp,81:LinearComp,,,
Mts000M003561.txt,77:RandomWalk1,80:LinearComp,81:LinearComp,,,
Mts000M003563.txt,80:LinearComp,81:LinearComp,106:AutoCor,,,
Mts000M003564.txt,79:RandomWalk1,80:LinearComp,81:LinearComp,,,
Mts000M003570.txt,32:CouponCollector,80:LinearComp,81:LinearComp,,,
Mts000M003573.txt,80:LinearComp,81:LinearComp,103:AutoCor,,,
Mts000M003574.txt,48:MaxOft,80:LinearComp,81:LinearComp,,,
Mts000M003577.txt,61:WeightDistrib,80:LinearComp,81:LinearComp,,,
Mts000M003584.txt,9:CollisionOver,80:LinearComp,81:LinearComp,,,
Mts000M003585.txt,77:RandomWalk1,80:LinearComp,81:LinearComp,,,
Mts000M003587.txt,38:Run,80:LinearComp,81:LinearComp,,,
Mts000M003588.txt,11:CollisionOver,29:SimpPoker,80:LinearComp,81:LinearComp,,
Mts000M003594.txt,12:CollisionOver,80:LinearComp,81:LinearComp,,,
Mts000M003598.txt,45:CollisionPermut,80:LinearComp,81:LinearComp,,,
Mts000M003605.txt,11:CollisionOver,80:LinearComp,81:LinearComp,,,
Mts000M003612.txt,11:CollisionOver,80:LinearComp,81:LinearComp,,,
Mts000M003617.txt,51:SampleProd,80:LinearComp,81:LinearComp,,,
Mts000M003624.txt,30:CouponCollector,80:LinearComp,81:LinearComp,,,
Mts000M003628.txt,65:SumCollector,80:LinearComp,81:LinearComp,,,
Mts000M003633.txt,80:LinearComp,81:LinearComp,82:LempelZiv,,,
Mts000M003636.txt,80:LinearComp,81:LinearComp,93:HammingCorr,,,
Mts000M003643.txt,4:CollisionOver,80:LinearComp,81:LinearComp,,,
Mts000M003654.txt,74:RandomWalk1,80:LinearComp,81:LinearComp,,,
Mts000M003655.txt,11:CollisionOver,80:LinearComp,81:LinearComp,,,
Mts000M003661.txt,77:RandomWalk1,80:LinearComp,81:LinearComp,,,
Mts000M003667.txt,54:SampleMean,80:LinearComp,81:LinearComp,,,
Mts000M003670.txt,14:BirthdaySpacings,80:LinearComp,81:LinearComp,,,
Mts000M003674.txt,76:RandomWalk1,80:LinearComp,81:LinearComp,,,
Mts000M003675.txt,36:Gap,80:LinearComp,81:LinearComp,,,
Mts000M003677.txt,23:ClosePairs,74:RandomWalk1,80:LinearComp,81:LinearComp,,
Mts000M003682.txt,25:ClosePairs,80:LinearComp,81:LinearComp,,,
Mts000M003685.txt,13:BirthdaySpacings,80:LinearComp,81:LinearComp,,,
Mts000M003687.txt,61:WeightDistrib,80:LinearComp,81:LinearComp,102:Run,,
Mts000M003693.txt,11:CollisionOver,80:LinearComp,81:LinearComp,,,
Mts000M003695.txt,27:SimpPoker,80:LinearComp,81:LinearComp,,,
Mts000M003706.txt,22:ClosePairs,80:LinearComp,81:LinearComp,,,
Mts000M003707.txt,75:RandomWalk1,80:LinearComp,81:LinearComp,,,
Mts000M003708.txt,80:LinearComp,81:LinearComp,101:Run,,,
Mts000M003710.txt,10:CollisionOver,80:LinearComp,81:LinearComp,,,
Mts000M003711.txt,22:ClosePairs,58:AppearanceSpacings,80:LinearComp,81:LinearComp,,
Mts000M003712.txt,25:ClosePairs,80:LinearComp,81:LinearComp,,,
Mts000M003719.txt,41:Permutation,80:LinearComp,81:LinearComp,,,
Mts000M003720.txt,40:Permutation,75:RandomWalk1,80:LinearComp,81:LinearComp,,
Mts000M003721.txt,28:SimpPoker,80:LinearComp,81:LinearComp,,,
Mts000M003724.txt,24:ClosePairs,80:LinearComp,81:LinearComp,,,
Mts000M003730.txt,42:Permutation,80:LinearComp,81:LinearComp,,,
Mts000M003731.txt,68:MatrixRank,80:LinearComp,81:LinearComp,,,
Mts000M003733.txt,39:Run,80:LinearComp,81:LinearComp,,,
Mts000M003741.txt,22:ClosePairs,80:LinearComp,81:LinearComp,,,
Mts000M003752.txt,74:RandomWalk1,80:LinearComp,81:LinearComp,,,
Mts000M003755.txt,22:ClosePairs,80:LinearComp,81:LinearComp,,,
Mts000M003759.txt,22:ClosePairs,80:LinearComp,81:LinearComp,,,
Mts000M003760.txt,25:ClosePairs,80:LinearComp,81:LinearComp,,,
Mts000M003765.txt,80:LinearComp,81:LinearComp,82:LempelZiv,,,
Mts000M003768.txt,37:Gap,80:LinearComp,81:LinearComp,,,
Mts000M003771.txt,19:BirthdaySpacings,80:LinearComp,81:LinearComp,,,
Mts000M003772.txt,74:RandomWalk1,75:RandomWalk1,80:LinearComp,81:LinearComp,,
Mts000M003773.txt,9:CollisionOver,80:LinearComp,81:LinearComp,,,
Mts000M003780.txt,62:WeightDistrib,80:LinearComp,81:LinearComp,,,
Mts000M003786.txt,78:RandomWalk1,80:LinearComp,81:LinearComp,,,
Mts000M003791.txt,12:CollisionOver,80:LinearComp,81:LinearComp,,,
Mts000M003797.txt,23:ClosePairs,53:SampleMean,74:RandomWalk1,80:LinearComp,81:LinearComp,
Mts000M003800.txt,75:RandomWalk1,80:LinearComp,81:LinearComp,,,
Mts000M003808.txt,4:CollisionOver,12:CollisionOver,80:LinearComp,81:LinearComp,,
Mts000M003811.txt,62:WeightDistrib,80:LinearComp,81:LinearComp,,,
Mts000M003820.txt,41:Permutation,80:LinearComp,81:LinearComp,,,
Mts000M003821.txt,12:CollisionOver,78:RandomWalk1,80:LinearComp,81:LinearComp,,
Mts000M003823.txt,25:ClosePairs,80:LinearComp,81:LinearComp,,,
Mts000M003828.txt,75:RandomWalk1,80:LinearComp,81:LinearComp,,,
Mts000M003832.txt,74:RandomWalk1,80:LinearComp,81:LinearComp,97:HammingIndep,,
Mts000M003835.txt,25:ClosePairs,80:LinearComp,81:LinearComp,,,
Mts000M003844.txt,76:RandomWalk1,80:LinearComp,81:LinearComp,,,
Mts000M003851.txt,12:CollisionOver,80:LinearComp,81:LinearComp,86:LongestHeadRun,,
Mts000M003859.txt,76:RandomWalk1,80:LinearComp,81:LinearComp,,,
Mts000M003860.txt,78:RandomWalk1,80:LinearComp,81:LinearComp,,,
Mts000M003865.txt,22:ClosePairs,80:LinearComp,81:LinearComp,,,
Mts000M003874.txt,48:MaxOft,80:LinearComp,81:LinearComp,,,
Mts000M003875.txt,80:LinearComp,81:LinearComp,93:HammingCorr,,,
Mts000M003877.txt,23:ClosePairs,49:MaxOft,55:SampleCorr,80:LinearComp,81:LinearComp,
Mts000M003882.txt,80:LinearComp,81:LinearComp,89:PeriodsInStrings,,,
Mts000M003883.txt,14:BirthdaySpacings,80:LinearComp,81:LinearComp,,,
Mts000M003887.txt,80:LinearComp,81:LinearComp,97:HammingIndep,,,
Mts000M003893.txt,6:CollisionOver,80:LinearComp,81:LinearComp,,,
Mts000M003894.txt,11:CollisionOver,80:LinearComp,81:LinearComp,,,
Mts000M003898.txt,12:CollisionOver,80:LinearComp,81:LinearComp,,,
Mts000M003899.txt,80:LinearComp,81:LinearComp,83:LempelZiv,,,
Mts000M003900.txt,72:Savir2,80:LinearComp,81:LinearComp,,,
Mts000M003901.txt,70:MatrixRank,80:LinearComp,81:LinearComp,,,
Mts000M003903.txt,74:RandomWalk1,80:LinearComp,81:LinearComp,,,
Mts000M003907.txt,59:WeightDistrib,80:LinearComp,81:LinearComp,99:HammingIndep,,
Mts000M003910.txt,80:LinearComp,81:LinearComp,85:Fourier3,,,
Mts000M003913.txt,39:Run,74:RandomWalk1,80:LinearComp,81:LinearComp,,
Mts000M003915.txt,78:RandomWalk1,80:LinearComp,81:LinearComp,,,
Mts000M003917.txt,25:ClosePairs,80:LinearComp,81:LinearComp,,,
Mts000M003919.txt,11:CollisionOver,80:LinearComp,81:LinearComp,96:HammingIndep,,
Mts000M003929.txt,11:CollisionOver,15:BirthdaySpacings,80:LinearComp,81:LinearComp,,
Mts000M003932.txt,80:LinearComp,81:LinearComp,87:LongestHeadRun,,,
Mts000M003933.txt,11:CollisionOver,80:LinearComp,81:LinearComp,,,
Mts000M003937.txt,80:LinearComp,81:LinearComp,103:AutoCor,,,
Mts000M003944.txt,73:GCD,80:LinearComp,81:LinearComp,,,
Mts000M003947.txt,51:SampleProd,80:LinearComp,81:LinearComp,,,
Mts000M003952.txt,22:ClosePairs,80:LinearComp,81:LinearComp,,,
Mts000M003954.txt,80:LinearComp,81:LinearComp,98:HammingIndep,,,
Mts000M003958.txt,79:RandomWalk1,80:LinearComp,81:LinearComp,,,
Mts000M003960.txt,78:RandomWalk1,80:LinearComp,81:LinearComp,,,
Mts000M003963.txt,74:RandomWalk1,80:LinearComp,81:LinearComp,,,
Mts000M003965.txt,12:CollisionOver,80:LinearComp,81:LinearComp,,,
Mts000M003966.txt,74:RandomWalk1,80:LinearComp,81:LinearComp,,,
Mts000M003967.txt,80:LinearComp,81:LinearComp,83:LempelZiv,94:HammingCorr,,
Mts000M003975.txt,74:RandomWalk1,80:LinearComp,81:LinearComp,,,
Mts000M003976.txt,80:LinearComp,81:LinearComp,105:AutoCor,,,
Mts000M003984.txt,28:SimpPoker,80:LinearComp,81:LinearComp,,,
Mts000M003993.txt,48:MaxOft,80:LinearComp,81:LinearComp,,,
Mts000M003995.txt,41:Permutation,80:LinearComp,81:LinearComp,,,
Mts000M003996.txt,22:ClosePairs,80:LinearComp,81:LinearComp,95:HammingIndep,,
Mts000M004011.txt,80:LinearComp,81:LinearComp,85:Fourier3,,,
Mts000M004016.txt,12:CollisionOver,80:LinearComp,81:LinearComp,,,
Mts000M004017.txt,12:CollisionOver,80:LinearComp,81:LinearComp,84:Fourier3,,
Mts000M004019.txt,80:LinearComp,81:LinearComp,100:HammingIndep,,,
Mts000M004022.txt,41:Permutation,80:LinearComp,81:LinearComp,,,
Mts000M004031.txt,79:RandomWalk1,80:LinearComp,81:LinearComp,,,
Mts000M004032.txt,32:CouponCollector,80:LinearComp,81:LinearComp,102:Run,,
Mts000M004045.txt,69:MatrixRank,80:LinearComp,81:LinearComp,,,
Mts000M004048.txt,25:ClosePairs,80:LinearComp,81:LinearComp,,,
Mts000M004052.txt,5:CollisionOver,80:LinearComp,81:LinearComp,,,
Mts000M004056.txt,9:CollisionOver,80:LinearComp,81:LinearComp,,,
Mts000M004065.txt,80:LinearComp,81:LinearComp,104:AutoCor,,,
Mts000M004069.txt,80:LinearComp,81:LinearComp,100:HammingIndep,,,
Mts000M004075.txt,75:RandomWalk1,80:LinearComp,81:LinearComp,,,
Mts000M004077.txt,40:Permutation,80:LinearComp,81:LinearComp,,,
Mts000M004081.txt,8:CollisionOver,80:LinearComp,81:LinearComp,,,
Mts000M004084.txt,64:WeightDistrib,80:LinearComp,81:LinearComp,,,
Mts000M004088.txt,24:ClosePairs,80:LinearComp,81:LinearComp,,,
Mts000M004090.txt,79:RandomWalk1,80:LinearComp,81:LinearComp,,,
Mts000M004093.txt,11:CollisionOver,80:LinearComp,81:LinearComp,,,
Mts000M004094.txt,80:LinearComp,81:LinearComp,91:HammingWeight2,,,
