File name,a,b,c,d,e
Mts000M000000.txt,22:ClosePairs,"80:LinearComp,","81:LinearComp,",,
Mts000M000002.txt,76:RandomWalk1,"80:LinearComp,","81:LinearComp,","88:PeriodsInStrings,",
Mts000M000003.txt,"80:LinearComp,","81:LinearComp,","104:AutoCor,",,
Mts000M000004.txt,"63:WeightDistrib,","80:LinearComp,","81:LinearComp,",,
Mts000M000020.txt,24:ClosePairs,"80:LinearComp,","81:LinearComp,",,
Mts000M000024.txt,25:ClosePairs,"80:LinearComp,","81:LinearComp,",,
Mts000M000029.txt,"80:LinearComp,","81:LinearComp,","105:AutoCor,",,
Mts000M000030.txt,25:ClosePairs,"80:LinearComp,","81:LinearComp,",,
Mts000M000031.txt,"12:CollisionOver,","80:LinearComp,","81:LinearComp,",,
Mts000M000033.txt,"11:CollisionOver,","13:BirthdaySpacings,","80:LinearComp,","81:LinearComp,",
Mts000M000047.txt,24:ClosePairs,"80:LinearComp,","81:LinearComp,",,
Mts000M000049.txt,"20:BirthdaySpacings,","80:LinearComp,","81:LinearComp,",,
Mts000M000050.txt,"12:CollisionOver,","80:LinearComp,","81:LinearComp,",,
Mts000M000056.txt,"30:CouponCollector,","63:WeightDistrib,","80:LinearComp,","81:LinearComp,",
Mts000M000065.txt,22:ClosePairs,"80:LinearComp,","81:LinearComp,",,
Mts000M000068.txt,"12:CollisionOver,","80:LinearComp,","81:LinearComp,",,
Mts000M000069.txt,74:RandomWalk1,"80:LinearComp,","81:LinearComp,",,
Mts000M000073.txt,"80:LinearComp,","81:LinearComp,","97:HammingIndep,",,
Mts000M000081.txt,46:MaxOft,"80:LinearComp,","81:LinearComp,",,
Mts000M000084.txt,47:MaxOft,"80:LinearComp,","81:LinearComp,",,
Mts000M000095.txt,"34:Gap,","80:LinearComp,","81:LinearComp,",,
Mts000M000096.txt,"80:LinearComp,","81:LinearComp,","106:AutoCor,",,
Mts000M000099.txt,"12:CollisionOver,","26:SimpPoker,","42:Permutation,","80:LinearComp,","81:LinearComp,"
Mts000M000101.txt,23:ClosePairs,"80:LinearComp,","81:LinearComp,",,
Mts000M000103.txt,"12:CollisionOver,",74:RandomWalk1,"80:LinearComp,","81:LinearComp,",
Mts000M000104.txt,"18:BirthdaySpacings,","80:LinearComp,","81:LinearComp,",,
Mts000M000105.txt,"80:LinearComp,","81:LinearComp,",101:Run,,
Mts000M000106.txt,"27:SimpPoker,","80:LinearComp,","81:LinearComp,",,
Mts000M000112.txt,72:Savir2,"80:LinearComp,","81:LinearComp,",,
Mts000M000113.txt,22:ClosePairs,24:ClosePairs,24:ClosePairs,"80:LinearComp,","81:LinearComp,"
Mts000M000117.txt,"33:CouponCollector,","80:LinearComp,","81:LinearComp,",,
Mts000M000120.txt,"80:LinearComp,","81:LinearComp,","91:HammingWeight2,",,
Mts000M000121.txt,"11:CollisionOver,","80:LinearComp,","81:LinearComp,",,
Mts000M000122.txt,"36:Gap,","80:LinearComp,","81:LinearComp,",,
Mts000M000131.txt,25:ClosePairs,"59:WeightDistrib,","80:LinearComp,","81:LinearComp,",
Mts000M000132.txt,"80:LinearComp,","81:LinearComp,","104:AutoCor,",,
Mts000M000133.txt,"80:LinearComp,","81:LinearComp,","94:HammingCorr,",,
Mts000M000135.txt,"56:SampleCorr,","80:LinearComp,","81:LinearComp,",,
Mts000M000138.txt,22:ClosePairs,"80:LinearComp,","81:LinearComp,",,
Mts000M000140.txt,24:ClosePairs,"80:LinearComp,","81:LinearComp,",,
Mts000M000141.txt,"12:CollisionOver,","80:LinearComp,","81:LinearComp,",,
Mts000M000145.txt,"80:LinearComp,","81:LinearComp,","83:LempelZiv,",102:Run,
Mts000M000147.txt,24:ClosePairs,"80:LinearComp,","81:LinearComp,",,
Mts000M000148.txt,"53:SampleMean,","80:LinearComp,","81:LinearComp,",,
Mts000M000150.txt,"9:CollisionOver,","63:WeightDistrib,","80:LinearComp,","81:LinearComp,",
Mts000M000154.txt,76:RandomWalk1,"80:LinearComp,","81:LinearComp,",,
Mts000M000160.txt,65:SumCollector,"80:LinearComp,","81:LinearComp,",,
Mts000M000163.txt,"9:CollisionOver,","80:LinearComp,","81:LinearComp,",,
Mts000M000167.txt,23:ClosePairs,"80:LinearComp,","81:LinearComp,",,
Mts000M000168.txt,"57:AppearanceSpacings,","80:LinearComp,","81:LinearComp,",,
Mts000M000171.txt,"69:MatrixRank,","80:LinearComp,","81:LinearComp,",,
Mts000M000173.txt,78:RandomWalk1,"80:LinearComp,","81:LinearComp,",,
Mts000M000187.txt,"48:MaxOft,","80:LinearComp,","81:LinearComp,",,
Mts000M000194.txt,"12:CollisionOver,","80:LinearComp,","81:LinearComp,",,
Mts000M000196.txt,"14:BirthdaySpacings,","80:LinearComp,","81:LinearComp,",,
Mts000M000198.txt,"45:CollisionPermut,","80:LinearComp,","81:LinearComp,",,
Mts000M000200.txt,"80:LinearComp,","81:LinearComp,","90:HammingWeight2,",,
Mts000M000204.txt,"11:CollisionOver,",22:ClosePairs,"80:LinearComp,","81:LinearComp,",
Mts000M000206.txt,22:ClosePairs,"80:LinearComp,","81:LinearComp,",,
Mts000M000207.txt,"80:LinearComp,","81:LinearComp,",102:Run,,
Mts000M000211.txt,"44:CollisionPermut,","80:LinearComp,","81:LinearComp,",,
Mts000M000217.txt,"9:CollisionOver,","80:LinearComp,","81:LinearComp,",,
Mts000M000220.txt,75:RandomWalk1,"80:LinearComp,","81:LinearComp,",,
Mts000M000221.txt,"62:WeightDistrib,",74:RandomWalk1,"80:LinearComp,","81:LinearComp,","91:HammingWeight2,"
Mts000M000222.txt,25:ClosePairs,"80:LinearComp,","81:LinearComp,",,
Mts000M000224.txt,"55:SampleCorr,","80:LinearComp,","81:LinearComp,",,
Mts000M000230.txt,"67:MatrixRank,","80:LinearComp,","81:LinearComp,",,
Mts000M000231.txt,"33:CouponCollector,","80:LinearComp,","81:LinearComp,",,
Mts000M000232.txt,"60:WeightDistrib,","80:LinearComp,","81:LinearComp,",,
Mts000M000235.txt,75:RandomWalk1,"80:LinearComp,","81:LinearComp,",,
Mts000M000241.txt,"47:MaxOft,","80:LinearComp,","81:LinearComp,",,
Mts000M000257.txt,25:ClosePairs,"80:LinearComp,","81:LinearComp,",,
Mts000M000261.txt,"80:LinearComp,","81:LinearComp,","83:LempelZiv,",,
Mts000M000268.txt,"13:BirthdaySpacings,","80:LinearComp,","81:LinearComp,",,
Mts000M000269.txt,"1:SerialOver,","80:LinearComp,","81:LinearComp,",,
Mts000M000273.txt,25:ClosePairs,"80:LinearComp,","81:LinearComp,",,
Mts000M000274.txt,"36:Gap,","80:LinearComp,","81:LinearComp,",,
Mts000M000275.txt,"61:WeightDistrib,","80:LinearComp,","81:LinearComp,",,
Mts000M000276.txt,23:ClosePairs,"80:LinearComp,","81:LinearComp,",,
Mts000M000281.txt,"45:CollisionPermut,","80:LinearComp,","81:LinearComp,",,
Mts000M000282.txt,"80:LinearComp,","81:LinearComp,","99:HammingIndep,",,
Mts000M000294.txt,"70:MatrixRank,","80:LinearComp,","81:LinearComp,",,
Mts000M000295.txt,"17:BirthdaySpacings,","80:LinearComp,","81:LinearComp,",,
Mts000M000296.txt,"80:LinearComp,","81:LinearComp,","100:HammingIndep,",,
Mts000M000298.txt,75:RandomWalk1,"80:LinearComp,","81:LinearComp,",,
Mts000M000300.txt,"80:LinearComp,","81:LinearComp,","97:HammingIndep,",,
Mts000M000301.txt,"46:MaxOft,","80:LinearComp,","81:LinearComp,",,
Mts000M000302.txt,"59:WeightDistrib,","80:LinearComp,","81:LinearComp,",,
Mts000M000304.txt,75:RandomWalk1,"80:LinearComp,","81:LinearComp,",,
Mts000M000308.txt,"56:SampleCorr,","80:LinearComp,","81:LinearComp,",,
Mts000M000315.txt,"11:CollisionOver,","80:LinearComp,","81:LinearComp,",,
Mts000M000318.txt,79:RandomWalk1,"80:LinearComp,","81:LinearComp,",,
Mts000M000319.txt,"14:BirthdaySpacings,","80:LinearComp,","81:LinearComp,",,
Mts000M000324.txt,"45:CollisionPermut,","80:LinearComp,","81:LinearComp,",,
Mts000M000327.txt,"80:LinearComp,","81:LinearComp,","99:HammingIndep,",,
Mts000M000328.txt,"31:CouponCollector,","80:LinearComp,","81:LinearComp,",,
Mts000M000329.txt,78:RandomWalk1,"80:LinearComp,","81:LinearComp,",,
Mts000M000330.txt,"57:AppearanceSpacings,","80:LinearComp,","81:LinearComp,",,
Mts000M000331.txt,"57:AppearanceSpacings,","80:LinearComp,","81:LinearComp,",,
Mts000M000333.txt,"62:WeightDistrib,","80:LinearComp,","81:LinearComp,",,
Mts000M000337.txt,"2:SerialOver,",49:MaxOft,"80:LinearComp,","81:LinearComp,",
Mts000M000338.txt,24:ClosePairs,"80:LinearComp,","81:LinearComp,",,
Mts000M000341.txt,"40:Permutation,","80:LinearComp,","81:LinearComp,",,
Mts000M000342.txt,25:ClosePairs,75:RandomWalk1,"80:LinearComp,","81:LinearComp,",
Mts000M000344.txt,74:RandomWalk1,"80:LinearComp,","81:LinearComp,",,
Mts000M000346.txt,"80:LinearComp,","81:LinearComp,","87:LongestHeadRun,","93:HammingCorr,",
Mts000M000350.txt,76:RandomWalk1,"80:LinearComp,","81:LinearComp,",,
Mts000M000363.txt,24:ClosePairs,"63:WeightDistrib,","80:LinearComp,","81:LinearComp,",
Mts000M000377.txt,"4:CollisionOver,","80:LinearComp,","81:LinearComp,",,
Mts000M000378.txt,"80:LinearComp,","81:LinearComp,","100:HammingIndep,",,
Mts000M000380.txt,"27:SimpPoker,","80:LinearComp,","81:LinearComp,",,
Mts000M000381.txt,"1:SerialOver,","80:LinearComp,","81:LinearComp,","93:HammingCorr,",
Mts000M000382.txt,24:ClosePairs,"80:LinearComp,","81:LinearComp,",,
Mts000M000390.txt,"80:LinearComp,","81:LinearComp,","91:HammingWeight2,",,
Mts000M000394.txt,76:RandomWalk1,"80:LinearComp,","81:LinearComp,",,
Mts000M000396.txt,"50:SampleProd,","80:LinearComp,","81:LinearComp,",,
Mts000M000399.txt,"41:Permutation,","80:LinearComp,","81:LinearComp,",,
Mts000M000403.txt,"8:CollisionOver,","80:LinearComp,","81:LinearComp,",,
Mts000M000406.txt,"12:CollisionOver,",76:RandomWalk1,"80:LinearComp,","81:LinearComp,",
Mts000M000409.txt,"9:CollisionOver,","80:LinearComp,","81:LinearComp,",,
Mts000M000415.txt,"8:CollisionOver,","36:Gap,","80:LinearComp,","81:LinearComp,",
Mts000M000417.txt,76:RandomWalk1,76:RandomWalk1,"80:LinearComp,","81:LinearComp,",
Mts000M000419.txt,"14:BirthdaySpacings,","80:LinearComp,","81:LinearComp,",,
Mts000M000425.txt,"11:CollisionOver,","80:LinearComp,","81:LinearComp,",,
Mts000M000431.txt,"11:CollisionOver,","80:LinearComp,","81:LinearComp,",,
Mts000M000440.txt,77:RandomWalk1,"80:LinearComp,","81:LinearComp,",,
Mts000M000442.txt,76:RandomWalk1,"80:LinearComp,","81:LinearComp,",,
Mts000M000449.txt,"16:BirthdaySpacings,","80:LinearComp,","81:LinearComp,",,
Mts000M000450.txt,"57:AppearanceSpacings,","80:LinearComp,","81:LinearComp,",,
Mts000M000454.txt,"50:SampleProd,","80:LinearComp,","81:LinearComp,",,
Mts000M000456.txt,"37:Gap,","80:LinearComp,","81:LinearComp,",,
Mts000M000461.txt,"1:SerialOver,",75:RandomWalk1,"80:LinearComp,","81:LinearComp,",
Mts000M000462.txt,25:ClosePairs,"80:LinearComp,","81:LinearComp,",,
Mts000M000463.txt,"12:CollisionOver,","80:LinearComp,","81:LinearComp,",,
Mts000M000464.txt,"80:LinearComp,","81:LinearComp,","97:HammingIndep,",,
Mts000M000465.txt,"2:SerialOver,","80:LinearComp,","81:LinearComp,",,
Mts000M000467.txt,"80:LinearComp,","81:LinearComp,","92:HammingCorr,",,
Mts000M000473.txt,75:RandomWalk1,"80:LinearComp,","81:LinearComp,",,
Mts000M000477.txt,75:RandomWalk1,"80:LinearComp,","81:LinearComp,",,
Mts000M000480.txt,"11:CollisionOver,","80:LinearComp,","81:LinearComp,",,
Mts000M000485.txt,75:RandomWalk1,"80:LinearComp,","81:LinearComp,",,
Mts000M000492.txt,"12:CollisionOver,","80:LinearComp,","81:LinearComp,",,
Mts000M000495.txt,"40:Permutation,",76:RandomWalk1,"80:LinearComp,","81:LinearComp,",
Mts000M000505.txt,"69:MatrixRank,","80:LinearComp,","81:LinearComp,",,
Mts000M000512.txt,24:ClosePairs,"80:LinearComp,","81:LinearComp,",,
Mts000M000515.txt,"48:MaxOft,","80:LinearComp,","81:LinearComp,",,
Mts000M000522.txt,"30:CouponCollector,","80:LinearComp,","81:LinearComp,",,
Mts000M000523.txt,78:RandomWalk1,79:RandomWalk1,"80:LinearComp,","81:LinearComp,","82:LempelZiv,"
Mts000M000526.txt,"61:WeightDistrib,",79:RandomWalk1,"80:LinearComp,","81:LinearComp,",
Mts000M000533.txt,78:RandomWalk1,"80:LinearComp,","81:LinearComp,",,
Mts000M000536.txt,77:RandomWalk1,"80:LinearComp,","81:LinearComp,",,
Mts000M000537.txt,"39:Run,","80:LinearComp,","81:LinearComp,",,
Mts000M000542.txt,"2:SerialOver,","80:LinearComp,","81:LinearComp,",,
Mts000M000543.txt,"80:LinearComp,","81:LinearComp,","99:HammingIndep,",,
Mts000M000545.txt,75:RandomWalk1,"80:LinearComp,","81:LinearComp,",,
Mts000M000550.txt,"80:LinearComp,","81:LinearComp,","83:LempelZiv,",,
Mts000M000551.txt,"80:LinearComp,","81:LinearComp,","81:LinearComp,",,
Mts000M000552.txt,"17:BirthdaySpacings,","80:LinearComp,","81:LinearComp,",,
Mts000M000553.txt,"40:Permutation,","80:LinearComp,","81:LinearComp,",,
Mts000M000555.txt,79:RandomWalk1,"80:LinearComp,","81:LinearComp,",,
Mts000M000556.txt,25:ClosePairs,"80:LinearComp,","81:LinearComp,",,
Mts000M000559.txt,"80:LinearComp,","81:LinearComp,","88:PeriodsInStrings,",,
Mts000M000564.txt,"8:CollisionOver,","80:LinearComp,","81:LinearComp,",,
Mts000M000571.txt,"45:CollisionPermut,","80:LinearComp,","81:LinearComp,",,
Mts000M000581.txt,46:MaxOft,"80:LinearComp,","81:LinearComp,",,
Mts000M000587.txt,74:RandomWalk1,"80:LinearComp,","81:LinearComp,",,
Mts000M000589.txt,"35:Gap,","80:LinearComp,","81:LinearComp,",,
Mts000M000592.txt,"80:LinearComp,","81:LinearComp,","84:Fourier3,",,
Mts000M000595.txt,"2:SerialOver,","80:LinearComp,","81:LinearComp,",,
Mts000M000606.txt,76:RandomWalk1,"80:LinearComp,","81:LinearComp,",,
Mts000M000610.txt,72:Savir2,"80:LinearComp,","81:LinearComp,",,
Mts000M000611.txt,"11:CollisionOver,","80:LinearComp,","81:LinearComp,",,
Mts000M000612.txt,25:ClosePairs,"80:LinearComp,","81:LinearComp,",,
Mts000M000614.txt,"80:LinearComp,","81:LinearComp,",101:Run,,
Mts000M000617.txt,77:RandomWalk1,"80:LinearComp,","81:LinearComp,",,
Mts000M000626.txt,"63:WeightDistrib,","80:LinearComp,","81:LinearComp,",,
Mts000M000629.txt,"69:MatrixRank,","80:LinearComp,","81:LinearComp,",,
Mts000M000639.txt,"45:CollisionPermut,","80:LinearComp,","81:LinearComp,",,
Mts000M000641.txt,"37:Gap,","80:LinearComp,","81:LinearComp,",,
Mts000M000643.txt,"37:Gap,","80:LinearComp,","81:LinearComp,",,
Mts000M000651.txt,23:ClosePairs,"62:WeightDistrib,","80:LinearComp,","81:LinearComp,",
Mts000M000653.txt,"20:BirthdaySpacings,","80:LinearComp,","81:LinearComp,",,
Mts000M000660.txt,"11:CollisionOver,","80:LinearComp,","81:LinearComp,",,
Mts000M000665.txt,"5:CollisionOver,","52:SampleProd,","80:LinearComp,","81:LinearComp,",
Mts000M000666.txt,"80:LinearComp,","81:LinearComp,","87:LongestHeadRun,",,
Mts000M000668.txt,78:RandomWalk1,"80:LinearComp,","81:LinearComp,",,
Mts000M000669.txt,79:RandomWalk1,"80:LinearComp,","81:LinearComp,",,
Mts000M000673.txt,"33:CouponCollector,","80:LinearComp,","81:LinearComp,",,
Mts000M000678.txt,"55:SampleCorr,","80:LinearComp,","81:LinearComp,",,
Mts000M000683.txt,"80:LinearComp,","81:LinearComp,","90:HammingWeight2,",,
Mts000M000685.txt,74:RandomWalk1,"80:LinearComp,","81:LinearComp,",,
Mts000M000687.txt,"43:Permutation,","80:LinearComp,","81:LinearComp,","82:LempelZiv,",
Mts000M000694.txt,"8:CollisionOver,","80:LinearComp,","81:LinearComp,",,
Mts000M000697.txt,74:RandomWalk1,"80:LinearComp,","81:LinearComp,",,
Mts000M000702.txt,"8:CollisionOver,","12:CollisionOver,","80:LinearComp,","81:LinearComp,",
Mts000M000703.txt,75:RandomWalk1,76:RandomWalk1,"80:LinearComp,","81:LinearComp,",
Mts000M000704.txt,"80:LinearComp,","81:LinearComp,","92:HammingCorr,",,
Mts000M000708.txt,"34:Gap,","80:LinearComp,","81:LinearComp,",,
Mts000M000709.txt,"64:WeightDistrib,","80:LinearComp,","81:LinearComp,",,
Mts000M000710.txt,76:RandomWalk1,"80:LinearComp,","81:LinearComp,",,
Mts000M000717.txt,"80:LinearComp,","81:LinearComp,","82:LempelZiv,",,
Mts000M000718.txt,"80:LinearComp,","81:LinearComp,","91:HammingWeight2,",,
Mts000M000719.txt,"9:CollisionOver,","80:LinearComp,","81:LinearComp,",,
Mts000M000729.txt,"9:CollisionOver,",76:RandomWalk1,"80:LinearComp,","81:LinearComp,",
Mts000M000733.txt,"55:SampleCorr,","80:LinearComp,","81:LinearComp,",,
Mts000M000735.txt,"8:CollisionOver,","80:LinearComp,","81:LinearComp,",,
Mts000M000738.txt,"80:LinearComp,","81:LinearComp,","95:HammingIndep,",,
Mts000M000741.txt,76:RandomWalk1,79:RandomWalk1,"80:LinearComp,","81:LinearComp,",
Mts000M000745.txt,"2:SerialOver,","80:LinearComp,","81:LinearComp,",,
Mts000M000747.txt,"29:SimpPoker,","80:LinearComp,","81:LinearComp,",,
Mts000M000749.txt,25:ClosePairs,"80:LinearComp,","81:LinearComp,",,
Mts000M000750.txt,"7:CollisionOver,","80:LinearComp,","81:LinearComp,",,
Mts000M000755.txt,"80:LinearComp,","81:LinearComp,",101:Run,,
Mts000M000761.txt,"12:CollisionOver,","80:LinearComp,","81:LinearComp,",,
Mts000M000765.txt,78:RandomWalk1,"80:LinearComp,","81:LinearComp,",,
Mts000M000768.txt,"10:CollisionOver,","80:LinearComp,","81:LinearComp,",,
Mts000M000775.txt,78:RandomWalk1,"80:LinearComp,","81:LinearComp,",,
Mts000M000788.txt,"80:LinearComp,","81:LinearComp,","81:LinearComp,",,
Mts000M000791.txt,"14:BirthdaySpacings,","80:LinearComp,","81:LinearComp,",,
Mts000M000804.txt,76:RandomWalk1,"80:LinearComp,","81:LinearComp,",,
Mts000M000805.txt,"12:CollisionOver,","80:LinearComp,","81:LinearComp,",,
Mts000M000818.txt,48:MaxOft,"80:LinearComp,","81:LinearComp,",101:Run,
Mts000M000819.txt,23:ClosePairs,"80:LinearComp,","81:LinearComp,",,
Mts000M000821.txt,"55:SampleCorr,","80:LinearComp,","81:LinearComp,",,
Mts000M000822.txt,"9:CollisionOver,","80:LinearComp,","81:LinearComp,",,
Mts000M000825.txt,"30:CouponCollector,","80:LinearComp,","81:LinearComp,",,
Mts000M000830.txt,"47:MaxOft,","80:LinearComp,","81:LinearComp,",,
Mts000M000831.txt,"32:CouponCollector,","80:LinearComp,","81:LinearComp,",,
Mts000M000832.txt,"11:CollisionOver,","80:LinearComp,","81:LinearComp,",,
Mts000M000834.txt,78:RandomWalk1,"80:LinearComp,","81:LinearComp,",,
Mts000M000845.txt,"50:SampleProd,","66:MatrixRank,","80:LinearComp,","81:LinearComp,",
Mts000M000849.txt,75:RandomWalk1,"80:LinearComp,","81:LinearComp,",,
Mts000M000854.txt,76:RandomWalk1,"80:LinearComp,","81:LinearComp,",,
Mts000M000857.txt,"3:CollisionOver,","80:LinearComp,","81:LinearComp,",,
Mts000M000858.txt,79:RandomWalk1,"80:LinearComp,","81:LinearComp,",,
Mts000M000861.txt,48:MaxOft,"80:LinearComp,","81:LinearComp,",,
Mts000M000867.txt,23:ClosePairs,"80:LinearComp,","81:LinearComp,",,
Mts000M000868.txt,"66:MatrixRank,","80:LinearComp,","81:LinearComp,",,
Mts000M000869.txt,48:MaxOft,"80:LinearComp,","81:LinearComp,",,
Mts000M000875.txt,23:ClosePairs,23:ClosePairs,79:RandomWalk1,"80:LinearComp,","81:LinearComp,"
Mts000M000876.txt,"33:CouponCollector,","80:LinearComp,","81:LinearComp,",,
Mts000M000884.txt,"36:Gap,","80:LinearComp,","81:LinearComp,",,
Mts000M000885.txt,"11:CollisionOver,","80:LinearComp,","81:LinearComp,",,
Mts000M000886.txt,"66:MatrixRank,","80:LinearComp,","81:LinearComp,","83:LempelZiv,",
Mts000M000889.txt,"80:LinearComp,","81:LinearComp,","99:HammingIndep,",,
Mts000M000903.txt,"80:LinearComp,","81:LinearComp,","81:LinearComp,",,
Mts000M000908.txt,"1:SerialOver,","41:Permutation,","55:SampleCorr,","80:LinearComp,","81:LinearComp,"
Mts000M000915.txt,"55:SampleCorr,","80:LinearComp,","81:LinearComp,",,
Mts000M000918.txt,"80:LinearComp,","81:LinearComp,",102:Run,,
Mts000M000919.txt,"11:CollisionOver,","80:LinearComp,","81:LinearComp,",,
Mts000M000922.txt,77:RandomWalk1,"80:LinearComp,","81:LinearComp,",,
Mts000M000925.txt,"39:Run,","80:LinearComp,","81:LinearComp,",,
Mts000M000931.txt,"40:Permutation,","80:LinearComp,","81:LinearComp,",,
Mts000M000933.txt,79:RandomWalk1,"80:LinearComp,","81:LinearComp,",,
Mts000M000939.txt,78:RandomWalk1,"80:LinearComp,","81:LinearComp,",,
Mts000M000940.txt,"48:MaxOft,",74:RandomWalk1,"80:LinearComp,","81:LinearComp,",
Mts000M000944.txt,"80:LinearComp,","81:LinearComp,","105:AutoCor,",,
Mts000M000947.txt,"80:LinearComp,","81:LinearComp,","82:LempelZiv,","95:HammingIndep,",
Mts000M000948.txt,"15:BirthdaySpacings,","80:LinearComp,","81:LinearComp,",,
Mts000M000951.txt,"51:SampleProd,","58:AppearanceSpacings,","80:LinearComp,","81:LinearComp,",
Mts000M000957.txt,75:RandomWalk1,"80:LinearComp,","81:LinearComp,",,
Mts000M000962.txt,"35:Gap,","80:LinearComp,","81:LinearComp,",,
Mts000M000964.txt,78:RandomWalk1,"80:LinearComp,","81:LinearComp,",,
Mts000M000967.txt,"7:CollisionOver,","80:LinearComp,","81:LinearComp,",,
Mts000M000972.txt,"58:AppearanceSpacings,","80:LinearComp,","81:LinearComp,",,
Mts000M000974.txt,23:ClosePairs,47:MaxOft,76:RandomWalk1,"80:LinearComp,","81:LinearComp,"
Mts000M000976.txt,46:MaxOft,"80:LinearComp,","81:LinearComp,",,
Mts000M000989.txt,"10:CollisionOver,","80:LinearComp,","81:LinearComp,",,
Mts000M000990.txt,"68:MatrixRank,","80:LinearComp,","81:LinearComp,",,
Mts000M000991.txt,74:RandomWalk1,"80:LinearComp,","81:LinearComp,",,
Mts000M000995.txt,23:ClosePairs,"80:LinearComp,","81:LinearComp,",,
Mts000M001005.txt,"38:Run,","80:LinearComp,","81:LinearComp,",,
Mts000M001009.txt,79:RandomWalk1,"80:LinearComp,","81:LinearComp,",,
Mts000M001013.txt,24:ClosePairs,"80:LinearComp,","81:LinearComp,",,
Mts000M001017.txt,"40:Permutation,","80:LinearComp,","81:LinearComp,",,
Mts000M001019.txt,"56:SampleCorr,","80:LinearComp,","81:LinearComp,",,
Mts000M001021.txt,25:ClosePairs,"80:LinearComp,","81:LinearComp,",,
Mts000M001025.txt,"5:CollisionOver,",78:RandomWalk1,"80:LinearComp,","81:LinearComp,",
Mts000M001026.txt,22:ClosePairs,"26:SimpPoker,","80:LinearComp,","81:LinearComp,",
Mts000M001028.txt,"43:Permutation,","51:SampleProd,","80:LinearComp,","81:LinearComp,",
Mts000M001029.txt,"11:CollisionOver,","80:LinearComp,","81:LinearComp,",,
Mts000M001032.txt,"27:SimpPoker,","80:LinearComp,","81:LinearComp,",,
Mts000M001039.txt,"11:CollisionOver,","80:LinearComp,","81:LinearComp,",,
Mts000M001045.txt,"4:CollisionOver,","80:LinearComp,","81:LinearComp,",,
Mts000M001050.txt,"52:SampleProd,","80:LinearComp,","81:LinearComp,",,
Mts000M001054.txt,"16:BirthdaySpacings,","80:LinearComp,","81:LinearComp,",,
Mts000M001058.txt,76:RandomWalk1,"80:LinearComp,","81:LinearComp,",,
Mts000M001062.txt,"12:CollisionOver,","80:LinearComp,","81:LinearComp,",,
Mts000M001072.txt,"80:LinearComp,","81:LinearComp,","96:HammingIndep,",,
Mts000M001082.txt,"69:MatrixRank,","80:LinearComp,","81:LinearComp,",,
Mts000M001085.txt,"80:LinearComp,","81:LinearComp,","85:Fourier3,",,
Mts000M001087.txt,"80:LinearComp,","81:LinearComp,","95:HammingIndep,",,
Mts000M001099.txt,"80:LinearComp,","81:LinearComp,","100:HammingIndep,",,
Mts000M001101.txt,78:RandomWalk1,"80:LinearComp,","81:LinearComp,",,
Mts000M001104.txt,"16:BirthdaySpacings,","80:LinearComp,","81:LinearComp,",,
Mts000M001106.txt,"61:WeightDistrib,","80:LinearComp,","81:LinearComp,",,
Mts000M001107.txt,72:Savir2,"80:LinearComp,","81:LinearComp,",,
Mts000M001113.txt,23:ClosePairs,"80:LinearComp,","81:LinearComp,",,
Mts000M001118.txt,22:ClosePairs,"71:MatrixRank,","80:LinearComp,","81:LinearComp,",
Mts000M001122.txt,48:MaxOft,"80:LinearComp,","81:LinearComp,",,
Mts000M001128.txt,79:RandomWalk1,"80:LinearComp,","81:LinearComp,",,
Mts000M001131.txt,65:SumCollector,"80:LinearComp,","81:LinearComp,",,
Mts000M001138.txt,22:ClosePairs,"80:LinearComp,","81:LinearComp,",,
Mts000M001155.txt,"26:SimpPoker,","37:Gap,","80:LinearComp,","81:LinearComp,",
Mts000M001160.txt,78:RandomWalk1,"80:LinearComp,","81:LinearComp,",,
Mts000M001167.txt,"4:CollisionOver,","80:LinearComp,","81:LinearComp,",,
Mts000M001168.txt,22:ClosePairs,"80:LinearComp,","81:LinearComp,",,
Mts000M001171.txt,74:RandomWalk1,"80:LinearComp,","81:LinearComp,",,
Mts000M001172.txt,76:RandomWalk1,"80:LinearComp,","81:LinearComp,",,
Mts000M001175.txt,"35:Gap,","80:LinearComp,","81:LinearComp,",,
Mts000M001177.txt,76:RandomWalk1,"80:LinearComp,","81:LinearComp,",,
Mts000M001178.txt,77:RandomWalk1,"80:LinearComp,","81:LinearComp,",,
Mts000M001179.txt,24:ClosePairs,"80:LinearComp,","81:LinearComp,",,
Mts000M001188.txt,"57:AppearanceSpacings,","80:LinearComp,","81:LinearComp,",,
Mts000M001189.txt,"21:BirthdaySpacings,","80:LinearComp,","81:LinearComp,","87:LongestHeadRun,",
Mts000M001191.txt,"52:SampleProd,","80:LinearComp,","81:LinearComp,",,
Mts000M001194.txt,"80:LinearComp,","81:LinearComp,","94:HammingCorr,",,
Mts000M001198.txt,"47:MaxOft,","80:LinearComp,","81:LinearComp,",,
Mts000M001199.txt,"60:WeightDistrib,","80:LinearComp,","81:LinearComp,",,
Mts000M001200.txt,"9:CollisionOver,","80:LinearComp,","81:LinearComp,",,
Mts000M001204.txt,"61:WeightDistrib,","80:LinearComp,","81:LinearComp,",,
Mts000M001205.txt,75:RandomWalk1,"80:LinearComp,","81:LinearComp,","90:HammingWeight2,",
Mts000M001206.txt,"41:Permutation,","80:LinearComp,","81:LinearComp,",,
Mts000M001209.txt,"68:MatrixRank,","80:LinearComp,","81:LinearComp,",,
Mts000M001210.txt,22:ClosePairs,"80:LinearComp,","81:LinearComp,",,
Mts000M001227.txt,"11:CollisionOver,","80:LinearComp,","81:LinearComp,",,
Mts000M001229.txt,77:RandomWalk1,"80:LinearComp,","81:LinearComp,","96:HammingIndep,",
Mts000M001233.txt,22:ClosePairs,"80:LinearComp,","81:LinearComp,",,
Mts000M001236.txt,"10:CollisionOver,","80:LinearComp,","81:LinearComp,",,
Mts000M001242.txt,"12:CollisionOver,","80:LinearComp,","81:LinearComp,",,
Mts000M001248.txt,75:RandomWalk1,"80:LinearComp,","81:LinearComp,",,
Mts000M001254.txt,25:ClosePairs,"80:LinearComp,","81:LinearComp,",,
Mts000M001255.txt,"80:LinearComp,","81:LinearComp,","90:HammingWeight2,",,
Mts000M001256.txt,"80:LinearComp,","81:LinearComp,","100:HammingIndep,",,
Mts000M001257.txt,78:RandomWalk1,"80:LinearComp,","81:LinearComp,",,
Mts000M001258.txt,78:RandomWalk1,"80:LinearComp,","81:LinearComp,",,
Mts000M001260.txt,72:Savir2,"80:LinearComp,","81:LinearComp,",,
Mts000M001274.txt,"80:LinearComp,","81:LinearComp,","86:LongestHeadRun,",,
Mts000M001277.txt,"6:CollisionOver,",79:RandomWalk1,"80:LinearComp,","81:LinearComp,",
Mts000M001279.txt,24:ClosePairs,"80:LinearComp,","81:LinearComp,",,
Mts000M001280.txt,46:MaxOft,49:MaxOft,78:RandomWalk1,"80:LinearComp,","81:LinearComp,"
Mts000M001282.txt,79:RandomWalk1,"80:LinearComp,","81:LinearComp,",,
Mts000M001284.txt,"37:Gap,","63:WeightDistrib,",74:RandomWalk1,"80:LinearComp,","81:LinearComp,"
Mts000M001285.txt,"21:BirthdaySpacings,","80:LinearComp,","81:LinearComp,",,
Mts000M001287.txt,78:RandomWalk1,"80:LinearComp,","81:LinearComp,",,
Mts000M001289.txt,"38:Run,","80:LinearComp,","81:LinearComp,",,
Mts000M001299.txt,"55:SampleCorr,","80:LinearComp,","81:LinearComp,",,
Mts000M001300.txt,"17:BirthdaySpacings,","80:LinearComp,","81:LinearComp,","83:LempelZiv,",
Mts000M001310.txt,"5:CollisionOver,","80:LinearComp,","81:LinearComp,",,
Mts000M001315.txt,"53:SampleMean,","80:LinearComp,","81:LinearComp,","99:HammingIndep,",
Mts000M001316.txt,"10:CollisionOver,","12:CollisionOver,","80:LinearComp,","81:LinearComp,",
Mts000M001322.txt,"80:LinearComp,","81:LinearComp,","95:HammingIndep,",,
Mts000M001327.txt,75:RandomWalk1,"80:LinearComp,","81:LinearComp,",,
Mts000M001335.txt,"80:LinearComp,","81:LinearComp,","106:AutoCor,",,
Mts000M001337.txt,"55:SampleCorr,","80:LinearComp,","81:LinearComp,",,
Mts000M001346.txt,77:RandomWalk1,"80:LinearComp,","81:LinearComp,",,
Mts000M001348.txt,25:ClosePairs,49:MaxOft,"80:LinearComp,","81:LinearComp,",
Mts000M001349.txt,23:ClosePairs,"80:LinearComp,","81:LinearComp,",,
Mts000M001355.txt,72:Savir2,"80:LinearComp,","81:LinearComp,",,
Mts000M001360.txt,"15:BirthdaySpacings,","80:LinearComp,","81:LinearComp,",,
Mts000M001363.txt,77:RandomWalk1,"80:LinearComp,","81:LinearComp,",,
Mts000M001364.txt,"80:LinearComp,","81:LinearComp,","99:HammingIndep,",,
Mts000M001365.txt,"40:Permutation,","80:LinearComp,","81:LinearComp,",,
Mts000M001368.txt,"30:CouponCollector,","80:LinearComp,","81:LinearComp,",,
Mts000M001370.txt,"80:LinearComp,","81:LinearComp,","92:HammingCorr,",,
Mts000M001371.txt,"80:LinearComp,","81:LinearComp,",101:Run,,
Mts000M001373.txt,"5:CollisionOver,","80:LinearComp,","81:LinearComp,",,
Mts000M001376.txt,"54:SampleMean,","80:LinearComp,","81:LinearComp,",,
Mts000M001380.txt,"11:CollisionOver,","80:LinearComp,","81:LinearComp,","91:HammingWeight2,",
Mts000M001383.txt,"64:WeightDistrib,","80:LinearComp,","81:LinearComp,",,
Mts000M001384.txt,"17:BirthdaySpacings,","80:LinearComp,","81:LinearComp,",,
Mts000M001387.txt,"9:CollisionOver,","38:Run,","80:LinearComp,","81:LinearComp,",
Mts000M001390.txt,"80:LinearComp,","81:LinearComp,","85:Fourier3,",,
Mts000M001391.txt,"54:SampleMean,","80:LinearComp,","81:LinearComp,",,
Mts000M001392.txt,"3:CollisionOver,",75:RandomWalk1,78:RandomWalk1,"80:LinearComp,","81:LinearComp,"
Mts000M001394.txt,"27:SimpPoker,","80:LinearComp,","81:LinearComp,",,
Mts000M001395.txt,"80:LinearComp,","81:LinearComp,",102:Run,,
Mts000M001396.txt,22:ClosePairs,"80:LinearComp,","81:LinearComp,",,
Mts000M001397.txt,78:RandomWalk1,"80:LinearComp,","81:LinearComp,",,
Mts000M001398.txt,"69:MatrixRank,","80:LinearComp,","81:LinearComp,",,
Mts000M001408.txt,"39:Run,","80:LinearComp,","81:LinearComp,",,
Mts000M001411.txt,77:RandomWalk1,"80:LinearComp,","81:LinearComp,",,
Mts000M001414.txt,25:ClosePairs,"80:LinearComp,","81:LinearComp,",,
Mts000M001415.txt,"60:WeightDistrib,","80:LinearComp,","81:LinearComp,",,
Mts000M001417.txt,23:ClosePairs,"80:LinearComp,","81:LinearComp,",,
Mts000M001420.txt,76:RandomWalk1,"80:LinearComp,","81:LinearComp,","93:HammingCorr,",
Mts000M001422.txt,75:RandomWalk1,"80:LinearComp,","81:LinearComp,",,
Mts000M001423.txt,25:ClosePairs,"80:LinearComp,","81:LinearComp,",,
Mts000M001424.txt,"59:WeightDistrib,","80:LinearComp,","81:LinearComp,",,
Mts000M001428.txt,"31:CouponCollector,","80:LinearComp,","81:LinearComp,",,
Mts000M001431.txt,"63:WeightDistrib,","80:LinearComp,","81:LinearComp,","86:LongestHeadRun,",
Mts000M001432.txt,"80:LinearComp,","81:LinearComp,",101:Run,,
Mts000M001438.txt,"80:LinearComp,","81:LinearComp,","88:PeriodsInStrings,",,
Mts000M001439.txt,24:ClosePairs,"80:LinearComp,","81:LinearComp,",,
Mts000M001448.txt,75:RandomWalk1,"80:LinearComp,","81:LinearComp,",,
Mts000M001449.txt,"61:WeightDistrib,","80:LinearComp,","81:LinearComp,",,
Mts000M001450.txt,"9:CollisionOver,",23:ClosePairs,"80:LinearComp,","81:LinearComp,",
Mts000M001457.txt,"10:CollisionOver,","50:SampleProd,","80:LinearComp,","81:LinearComp,",
Mts000M001458.txt,"12:CollisionOver,","80:LinearComp,","81:LinearComp,",,
Mts000M001459.txt,"12:CollisionOver,","80:LinearComp,","81:LinearComp,",,
Mts000M001460.txt,"80:LinearComp,","81:LinearComp,","81:LinearComp,",,
Mts000M001464.txt,"35:Gap,","80:LinearComp,","81:LinearComp,",,
Mts000M001465.txt,"80:LinearComp,","81:LinearComp,","89:PeriodsInStrings,",,
Mts000M001468.txt,"64:WeightDistrib,","80:LinearComp,","81:LinearComp,",,
Mts000M001469.txt,75:RandomWalk1,"80:LinearComp,","81:LinearComp,",,
Mts000M001477.txt,78:RandomWalk1,"80:LinearComp,","81:LinearComp,",,
Mts000M001485.txt,"3:CollisionOver,","6:CollisionOver,","80:LinearComp,","81:LinearComp,",
Mts000M001487.txt,"29:SimpPoker,","80:LinearComp,","81:LinearComp,",,
Mts000M001491.txt,75:RandomWalk1,"80:LinearComp,","81:LinearComp,",,
Mts000M001492.txt,"80:LinearComp,","81:LinearComp,","103:AutoCor,",,
Mts000M001497.txt,24:ClosePairs,"80:LinearComp,","81:LinearComp,",,
Mts000M001504.txt,"11:CollisionOver,","80:LinearComp,","81:LinearComp,",,
Mts000M001507.txt,79:RandomWalk1,"80:LinearComp,","81:LinearComp,",,
Mts000M001508.txt,"17:BirthdaySpacings,","80:LinearComp,","81:LinearComp,",,
Mts000M001513.txt,75:RandomWalk1,"80:LinearComp,","81:LinearComp,",,
Mts000M001515.txt,"11:CollisionOver,","37:Gap,","80:LinearComp,","81:LinearComp,",
Mts000M001516.txt,"80:LinearComp,","81:LinearComp,","97:HammingIndep,",,
Mts000M001527.txt,"68:MatrixRank,","80:LinearComp,","81:LinearComp,",,
Mts000M001530.txt,79:RandomWalk1,"80:LinearComp,","81:LinearComp,",,
Mts000M001531.txt,"11:CollisionOver,",76:RandomWalk1,"80:LinearComp,","81:LinearComp,",
Mts000M001540.txt,"80:LinearComp,","81:LinearComp,","95:HammingIndep,",,
Mts000M001543.txt,"12:CollisionOver,","80:LinearComp,","81:LinearComp,",,
Mts000M001545.txt,"44:CollisionPermut,","80:LinearComp,","81:LinearComp,",,
Mts000M001551.txt,"16:BirthdaySpacings,","80:LinearComp,","81:LinearComp,",,
Mts000M001552.txt,"44:CollisionPermut,","80:LinearComp,","81:LinearComp,",,
Mts000M001554.txt,"15:BirthdaySpacings,","80:LinearComp,","81:LinearComp,",,
Mts000M001556.txt,"11:CollisionOver,","12:CollisionOver,","80:LinearComp,","81:LinearComp,",
Mts000M001559.txt,78:RandomWalk1,"80:LinearComp,","81:LinearComp,",,
Mts000M001560.txt,"10:CollisionOver,","80:LinearComp,","81:LinearComp,",,
Mts000M001562.txt,"80:LinearComp,","81:LinearComp,","81:LinearComp,",,
Mts000M001563.txt,"2:SerialOver,","80:LinearComp,","81:LinearComp,",,
Mts000M001568.txt,"49:MaxOft,",76:RandomWalk1,"80:LinearComp,","81:LinearComp,",
Mts000M001569.txt,"11:CollisionOver,","80:LinearComp,","81:LinearComp,",,
Mts000M001571.txt,75:RandomWalk1,"80:LinearComp,","81:LinearComp,",,
Mts000M001572.txt,"3:CollisionOver,","46:MaxOft,","80:LinearComp,","81:LinearComp,",
Mts000M001574.txt,65:SumCollector,"66:MatrixRank,","80:LinearComp,","81:LinearComp,",
Mts000M001575.txt,75:RandomWalk1,"80:LinearComp,","81:LinearComp,",,
Mts000M001578.txt,76:RandomWalk1,"80:LinearComp,","81:LinearComp,",,
Mts000M001581.txt,"80:LinearComp,","81:LinearComp,","88:PeriodsInStrings,",,
Mts000M001582.txt,"21:BirthdaySpacings,","80:LinearComp,","81:LinearComp,",,
Mts000M001584.txt,"19:BirthdaySpacings,",76:RandomWalk1,"80:LinearComp,","81:LinearComp,",
Mts000M001590.txt,"45:CollisionPermut,","80:LinearComp,","81:LinearComp,",,
Mts000M001591.txt,"49:MaxOft,","80:LinearComp,","81:LinearComp,",,
Mts000M001594.txt,79:RandomWalk1,"80:LinearComp,","81:LinearComp,",,
Mts000M001598.txt,"60:WeightDistrib,","80:LinearComp,","81:LinearComp,",,
Mts000M001601.txt,"80:LinearComp,","81:LinearComp,","86:LongestHeadRun,",,
Mts000M001602.txt,"35:Gap,","80:LinearComp,","81:LinearComp,",,
Mts000M001612.txt,"5:CollisionOver,","80:LinearComp,","81:LinearComp,",,
Mts000M001621.txt,"20:BirthdaySpacings,","80:LinearComp,","81:LinearComp,",,
Mts000M001622.txt,"11:CollisionOver,","80:LinearComp,","81:LinearComp,",,
Mts000M001627.txt,"80:LinearComp,","81:LinearComp,",102:Run,,
Mts000M001629.txt,"66:MatrixRank,","80:LinearComp,","81:LinearComp,",,
Mts000M001630.txt,"44:CollisionPermut,","69:MatrixRank,","80:LinearComp,","81:LinearComp,",
Mts000M001634.txt,"38:Run,","80:LinearComp,","81:LinearComp,",,
Mts000M001637.txt,"80:LinearComp,","81:LinearComp,","89:PeriodsInStrings,",,
Mts000M001641.txt,79:RandomWalk1,"80:LinearComp,","81:LinearComp,",,
Mts000M001643.txt,"12:CollisionOver,","80:LinearComp,","81:LinearComp,",,
Mts000M001651.txt,77:RandomWalk1,"80:LinearComp,","81:LinearComp,",,
Mts000M001655.txt,"1:SerialOver,","80:LinearComp,","81:LinearComp,",,
Mts000M001660.txt,"12:CollisionOver,","80:LinearComp,","81:LinearComp,",,
Mts000M001669.txt,"80:LinearComp,","81:LinearComp,","93:HammingCorr,",,
Mts000M001672.txt,"80:LinearComp,","81:LinearComp,","98:HammingIndep,",,
Mts000M001675.txt,72:Savir2,"80:LinearComp,","81:LinearComp,",,
Mts000M001676.txt,"80:LinearComp,","81:LinearComp,","81:LinearComp,",,
Mts000M001680.txt,72:Savir2,"80:LinearComp,","81:LinearComp,",,
Mts000M001684.txt,"80:LinearComp,","81:LinearComp,","96:HammingIndep,",,
Mts000M001689.txt,"11:CollisionOver,","47:MaxOft,","80:LinearComp,","81:LinearComp,",
Mts000M001692.txt,75:RandomWalk1,"80:LinearComp,","81:LinearComp,",,
Mts000M001706.txt,"3:CollisionOver,","80:LinearComp,","81:LinearComp,",,
Mts000M001707.txt,24:ClosePairs,24:ClosePairs,"80:LinearComp,","81:LinearComp,",
Mts000M001709.txt,77:RandomWalk1,"80:LinearComp,","81:LinearComp,",,
Mts000M001711.txt,"43:Permutation,","80:LinearComp,","81:LinearComp,",,
Mts000M001714.txt,22:ClosePairs,"80:LinearComp,","81:LinearComp,","90:HammingWeight2,",
Mts000M001716.txt,25:ClosePairs,"80:LinearComp,","81:LinearComp,",,
Mts000M001718.txt,"80:LinearComp,","81:LinearComp,",101:Run,,
Mts000M001721.txt,24:ClosePairs,"80:LinearComp,","81:LinearComp,",,
Mts000M001723.txt,78:RandomWalk1,"80:LinearComp,","81:LinearComp,",,
Mts000M001725.txt,"12:CollisionOver,","80:LinearComp,","81:LinearComp,",,
Mts000M001729.txt,"80:LinearComp,","81:LinearComp,","95:HammingIndep,",,
Mts000M001731.txt,"80:LinearComp,","81:LinearComp,","88:PeriodsInStrings,",,
Mts000M001742.txt,"9:CollisionOver,","80:LinearComp,","81:LinearComp,",,
Mts000M001743.txt,"69:MatrixRank,",73:GCD,"80:LinearComp,","81:LinearComp,",
Mts000M001745.txt,22:ClosePairs,"80:LinearComp,","81:LinearComp,",,
Mts000M001750.txt,"11:CollisionOver,","80:LinearComp,","81:LinearComp,",,
Mts000M001754.txt,"58:AppearanceSpacings,","80:LinearComp,","81:LinearComp,","96:HammingIndep,","97:HammingIndep,"
Mts000M001756.txt,"8:CollisionOver,","80:LinearComp,","81:LinearComp,","99:HammingIndep,",
Mts000M001760.txt,"9:CollisionOver,","80:LinearComp,","81:LinearComp,",,
Mts000M001761.txt,79:RandomWalk1,"80:LinearComp,","81:LinearComp,",,
Mts000M001765.txt,"67:MatrixRank,","80:LinearComp,","81:LinearComp,",101:Run,
Mts000M001766.txt,"80:LinearComp,","81:LinearComp,","83:LempelZiv,",,
Mts000M001767.txt,"80:LinearComp,","81:LinearComp,","105:AutoCor,",,
Mts000M001768.txt,"10:CollisionOver,","19:BirthdaySpacings,","80:LinearComp,","81:LinearComp,",
Mts000M001771.txt,"80:LinearComp,","81:LinearComp,","96:HammingIndep,",,
Mts000M001776.txt,74:RandomWalk1,"80:LinearComp,","81:LinearComp,",,
Mts000M001777.txt,77:RandomWalk1,"80:LinearComp,","81:LinearComp,",,
Mts000M001778.txt,"1:SerialOver,","80:LinearComp,","81:LinearComp,",,
Mts000M001780.txt,76:RandomWalk1,"80:LinearComp,","81:LinearComp,",,
Mts000M001783.txt,"68:MatrixRank,","80:LinearComp,","81:LinearComp,",,
Mts000M001784.txt,"53:SampleMean,","80:LinearComp,","81:LinearComp,",,
Mts000M001785.txt,"54:SampleMean,","80:LinearComp,","81:LinearComp,",,
Mts000M001788.txt,"80:LinearComp,","81:LinearComp,","81:LinearComp,",,
Mts000M001793.txt,"80:LinearComp,","81:LinearComp,","91:HammingWeight2,",,
Mts000M001794.txt,"80:LinearComp,","81:LinearComp,","83:LempelZiv,",,
Mts000M001795.txt,"68:MatrixRank,","80:LinearComp,","81:LinearComp,",,
Mts000M001798.txt,22:ClosePairs,"31:CouponCollector,","80:LinearComp,","81:LinearComp,",
Mts000M001808.txt,"5:CollisionOver,","80:LinearComp,","81:LinearComp,",,
Mts000M001816.txt,"63:WeightDistrib,","80:LinearComp,","81:LinearComp,",,
Mts000M001818.txt,"4:CollisionOver,","69:MatrixRank,","80:LinearComp,","81:LinearComp,",
Mts000M001820.txt,"9:CollisionOver,","80:LinearComp,","81:LinearComp,",,
Mts000M001821.txt,"80:LinearComp,","81:LinearComp,","86:LongestHeadRun,",,
Mts000M001822.txt,"35:Gap,","80:LinearComp,","81:LinearComp,",,
Mts000M001825.txt,22:ClosePairs,"80:LinearComp,","81:LinearComp,",,
Mts000M001826.txt,"51:SampleProd,","80:LinearComp,","81:LinearComp,",,
Mts000M001828.txt,"11:CollisionOver,","12:CollisionOver,","80:LinearComp,","81:LinearComp,",
Mts000M001830.txt,77:RandomWalk1,"80:LinearComp,","81:LinearComp,",,
Mts000M001832.txt,23:ClosePairs,"80:LinearComp,","81:LinearComp,","81:LinearComp,",
Mts000M001835.txt,"18:BirthdaySpacings,",23:ClosePairs,"80:LinearComp,","81:LinearComp,",
Mts000M001838.txt,"63:WeightDistrib,","80:LinearComp,","81:LinearComp,",,
Mts000M001841.txt,"12:CollisionOver,","28:SimpPoker,","34:Gap,","80:LinearComp,","81:LinearComp,"
Mts000M001842.txt,"60:WeightDistrib,","80:LinearComp,","81:LinearComp,",,
Mts000M001844.txt,22:ClosePairs,"80:LinearComp,","81:LinearComp,",,
Mts000M001845.txt,"68:MatrixRank,","80:LinearComp,","81:LinearComp,",,
Mts000M001851.txt,46:MaxOft,"80:LinearComp,","81:LinearComp,",,
Mts000M001854.txt,74:RandomWalk1,"80:LinearComp,","81:LinearComp,",,
Mts000M001861.txt,23:ClosePairs,"80:LinearComp,","81:LinearComp,",,
Mts000M001865.txt,49:MaxOft,"80:LinearComp,","81:LinearComp,",,
Mts000M001868.txt,"80:LinearComp,","81:LinearComp,",101:Run,,
Mts000M001873.txt,"34:Gap,","45:CollisionPermut,",75:RandomWalk1,"80:LinearComp,","81:LinearComp,"
Mts000M001874.txt,"21:BirthdaySpacings,",22:ClosePairs,"80:LinearComp,","81:LinearComp,",
Mts000M001876.txt,"11:CollisionOver,",77:RandomWalk1,"80:LinearComp,","81:LinearComp,",
Mts000M001885.txt,"12:CollisionOver,","80:LinearComp,","81:LinearComp,",,
Mts000M001888.txt,"42:Permutation,","80:LinearComp,","81:LinearComp,",,
Mts000M001896.txt,"53:SampleMean,","80:LinearComp,","81:LinearComp,",,
Mts000M001897.txt,76:RandomWalk1,"80:LinearComp,","81:LinearComp,",,
Mts000M001899.txt,74:RandomWalk1,"80:LinearComp,","81:LinearComp,",,
Mts000M001903.txt,"11:CollisionOver,","80:LinearComp,","81:LinearComp,",,
Mts000M001904.txt,"80:LinearComp,","81:LinearComp,","86:LongestHeadRun,",,
Mts000M001912.txt,"56:SampleCorr,","80:LinearComp,","81:LinearComp,","87:LongestHeadRun,",
Mts000M001914.txt,"71:MatrixRank,","80:LinearComp,","81:LinearComp,",,
Mts000M001917.txt,"12:CollisionOver,",74:RandomWalk1,"80:LinearComp,","81:LinearComp,",
Mts000M001923.txt,65:SumCollector,"80:LinearComp,","81:LinearComp,",,
Mts000M001924.txt,77:RandomWalk1,"80:LinearComp,","81:LinearComp,",,
Mts000M001925.txt,79:RandomWalk1,"80:LinearComp,","81:LinearComp,",,
Mts000M001930.txt,"1:SerialOver,","80:LinearComp,","81:LinearComp,",,
Mts000M001933.txt,"11:CollisionOver,","80:LinearComp,","81:LinearComp,",,
Mts000M001944.txt,23:ClosePairs,"80:LinearComp,","81:LinearComp,",,
Mts000M001948.txt,"47:MaxOft,","80:LinearComp,","81:LinearComp,",,
Mts000M001949.txt,79:RandomWalk1,"80:LinearComp,","81:LinearComp,",,
Mts000M001951.txt,24:ClosePairs,"80:LinearComp,","81:LinearComp,",,
Mts000M001962.txt,48:MaxOft,"80:LinearComp,","81:LinearComp,",,
Mts000M001965.txt,"40:Permutation,",79:RandomWalk1,"80:LinearComp,","81:LinearComp,",
Mts000M001970.txt,"63:WeightDistrib,","80:LinearComp,","81:LinearComp,",,
Mts000M001972.txt,77:RandomWalk1,"80:LinearComp,","81:LinearComp,",,
Mts000M001973.txt,"11:CollisionOver,","80:LinearComp,","81:LinearComp,",,
Mts000M001976.txt,46:MaxOft,75:RandomWalk1,"80:LinearComp,","81:LinearComp,","84:Fourier3,"
Mts000M001977.txt,"68:MatrixRank,","80:LinearComp,","81:LinearComp,",,
Mts000M001978.txt,"13:BirthdaySpacings,","80:LinearComp,","81:LinearComp,",,
Mts000M001979.txt,"41:Permutation,","80:LinearComp,","81:LinearComp,",,
Mts000M001984.txt,"11:CollisionOver,","80:LinearComp,","81:LinearComp,",,
Mts000M001986.txt,"5:CollisionOver,","80:LinearComp,","81:LinearComp,",,
Mts000M001987.txt,22:ClosePairs,"80:LinearComp,","81:LinearComp,",,
Mts000M001990.txt,"2:SerialOver,","67:MatrixRank,","80:LinearComp,","81:LinearComp,",
Mts000M001997.txt,"71:MatrixRank,","80:LinearComp,","81:LinearComp,",,
Mts000M001999.txt,22:ClosePairs,"80:LinearComp,","81:LinearComp,",,
Mts000M002003.txt,"9:CollisionOver,","80:LinearComp,","81:LinearComp,",,
Mts000M002012.txt,"12:CollisionOver,","80:LinearComp,","81:LinearComp,",,
Mts000M002015.txt,25:ClosePairs,"80:LinearComp,","81:LinearComp,",,
Mts000M002017.txt,"10:CollisionOver,","80:LinearComp,","81:LinearComp,",,
Mts000M002021.txt,"66:MatrixRank,","80:LinearComp,","81:LinearComp,",,
Mts000M002029.txt,"59:WeightDistrib,","80:LinearComp,","81:LinearComp,",,
Mts000M002034.txt,"53:SampleMean,","80:LinearComp,","81:LinearComp,","85:Fourier3,",
Mts000M002035.txt,"80:LinearComp,","81:LinearComp,","94:HammingCorr,",,
Mts000M002039.txt,"7:CollisionOver,",25:ClosePairs,"80:LinearComp,","81:LinearComp,",
Mts000M002040.txt,76:RandomWalk1,"80:LinearComp,","81:LinearComp,",,
Mts000M002044.txt,"5:CollisionOver,","39:Run,","80:LinearComp,","81:LinearComp,",
Mts000M002052.txt,78:RandomWalk1,"80:LinearComp,","81:LinearComp,",,
Mts000M002055.txt,"12:CollisionOver,","80:LinearComp,","81:LinearComp,",,
Mts000M002068.txt,"60:WeightDistrib,","80:LinearComp,","81:LinearComp,",,
Mts000M002074.txt,79:RandomWalk1,"80:LinearComp,","81:LinearComp,",,
Mts000M002075.txt,"80:LinearComp,","81:LinearComp,",101:Run,,
Mts000M002080.txt,75:RandomWalk1,"80:LinearComp,","81:LinearComp,",,
Mts000M002083.txt,"11:CollisionOver,","80:LinearComp,","81:LinearComp,",,
Mts000M002084.txt,"80:LinearComp,","81:LinearComp,","87:LongestHeadRun,",,
Mts000M002087.txt,"12:CollisionOver,",24:ClosePairs,"52:SampleProd,","80:LinearComp,","81:LinearComp,"
Mts000M002094.txt,78:RandomWalk1,"80:LinearComp,","81:LinearComp,",,
Mts000M002099.txt,"80:LinearComp,","81:LinearComp,","83:LempelZiv,",,
Mts000M002100.txt,"42:Permutation,","80:LinearComp,","81:LinearComp,",,
Mts000M002101.txt,"71:MatrixRank,","80:LinearComp,","81:LinearComp,",,
Mts000M002108.txt,"59:WeightDistrib,","80:LinearComp,","81:LinearComp,",,
Mts000M002116.txt,"40:Permutation,","80:LinearComp,","81:LinearComp,","93:HammingCorr,",
Mts000M002117.txt,"80:LinearComp,","81:LinearComp,","83:LempelZiv,",,
Mts000M002118.txt,"6:CollisionOver,","80:LinearComp,","81:LinearComp,",,
Mts000M002121.txt,"45:CollisionPermut,","80:LinearComp,","81:LinearComp,","91:HammingWeight2,",
Mts000M002122.txt,"4:CollisionOver,","80:LinearComp,","81:LinearComp,",,
Mts000M002123.txt,25:ClosePairs,"80:LinearComp,","81:LinearComp,",,
Mts000M002125.txt,"80:LinearComp,","81:LinearComp,","94:HammingCorr,",,
Mts000M002126.txt,"69:MatrixRank,","80:LinearComp,","81:LinearComp,",,
Mts000M002127.txt,76:RandomWalk1,"80:LinearComp,","81:LinearComp,",,
Mts000M002129.txt,"11:CollisionOver,","80:LinearComp,","81:LinearComp,",,
Mts000M002133.txt,"36:Gap,","80:LinearComp,","81:LinearComp,",,
Mts000M002138.txt,"80:LinearComp,","81:LinearComp,","103:AutoCor,",,
Mts000M002141.txt,"80:LinearComp,","81:LinearComp,","86:LongestHeadRun,",,
Mts000M002142.txt,23:ClosePairs,46:MaxOft,"80:LinearComp,","81:LinearComp,",
Mts000M002144.txt,"12:CollisionOver,","80:LinearComp,","81:LinearComp,",,
Mts000M002145.txt,"80:LinearComp,","81:LinearComp,","104:AutoCor,",,
Mts000M002146.txt,74:RandomWalk1,"80:LinearComp,","81:LinearComp,",,
Mts000M002150.txt,"11:CollisionOver,","80:LinearComp,","81:LinearComp,",,
Mts000M002157.txt,"80:LinearComp,","81:LinearComp,","91:HammingWeight2,",,
Mts000M002159.txt,79:RandomWalk1,"80:LinearComp,","81:LinearComp,",,
Mts000M002174.txt,77:RandomWalk1,"80:LinearComp,","81:LinearComp,",,
Mts000M002177.txt,"80:LinearComp,","81:LinearComp,","106:AutoCor,",,
Mts000M002185.txt,"4:CollisionOver,","80:LinearComp,","81:LinearComp,",,
Mts000M002186.txt,"80:LinearComp,","81:LinearComp,","92:HammingCorr,",,
Mts000M002189.txt,22:ClosePairs,"80:LinearComp,","81:LinearComp,","97:HammingIndep,",
Mts000M002191.txt,"14:BirthdaySpacings,",22:ClosePairs,"80:LinearComp,","81:LinearComp,",
Mts000M002194.txt,78:RandomWalk1,"80:LinearComp,","81:LinearComp,",,
Mts000M002197.txt,"69:MatrixRank,",77:RandomWalk1,"80:LinearComp,","81:LinearComp,",
Mts000M002202.txt,"17:BirthdaySpacings,","80:LinearComp,","81:LinearComp,",,
Mts000M002203.txt,"21:BirthdaySpacings,","80:LinearComp,","81:LinearComp,",,
Mts000M002206.txt,"41:Permutation,","80:LinearComp,","81:LinearComp,",,
Mts000M002210.txt,"80:LinearComp,","81:LinearComp,",102:Run,,
Mts000M002214.txt,"80:LinearComp,","81:LinearComp,","82:LempelZiv,",,
Mts000M002217.txt,"12:CollisionOver,","80:LinearComp,","81:LinearComp,",,
Mts000M002222.txt,"80:LinearComp,","81:LinearComp,","104:AutoCor,",,
Mts000M002223.txt,"34:Gap,","80:LinearComp,","81:LinearComp,",,
Mts000M002226.txt,"80:LinearComp,","81:LinearComp,","92:HammingCorr,",102:Run,
Mts000M002230.txt,"69:MatrixRank,","80:LinearComp,","81:LinearComp,",,
Mts000M002240.txt,"34:Gap,","80:LinearComp,","81:LinearComp,",,
Mts000M002241.txt,"50:SampleProd,","80:LinearComp,","81:LinearComp,",,
Mts000M002243.txt,76:RandomWalk1,"80:LinearComp,","81:LinearComp,",,
Mts000M002250.txt,"10:CollisionOver,","80:LinearComp,","81:LinearComp,",,
Mts000M002252.txt,73:GCD,"80:LinearComp,","81:LinearComp,",,
Mts000M002254.txt,"34:Gap,","80:LinearComp,","81:LinearComp,",,
Mts000M002255.txt,"80:LinearComp,","81:LinearComp,","84:Fourier3,",,
Mts000M002258.txt,79:RandomWalk1,"80:LinearComp,","81:LinearComp,",,
Mts000M002265.txt,"11:CollisionOver,","80:LinearComp,","81:LinearComp,",,
Mts000M002267.txt,22:ClosePairs,"80:LinearComp,","81:LinearComp,",,
Mts000M002275.txt,74:RandomWalk1,"80:LinearComp,","81:LinearComp,",,
Mts000M002283.txt,79:RandomWalk1,"80:LinearComp,","81:LinearComp,","99:HammingIndep,",
Mts000M002287.txt,"80:LinearComp,","81:LinearComp,","104:AutoCor,",,
Mts000M002288.txt,"49:MaxOft,","80:LinearComp,","81:LinearComp,",,
Mts000M002292.txt,"80:LinearComp,","81:LinearComp,","95:HammingIndep,",,
Mts000M002293.txt,22:ClosePairs,"80:LinearComp,","81:LinearComp,",,
Mts000M002294.txt,"36:Gap,","80:LinearComp,","81:LinearComp,",,
Mts000M002298.txt,"80:LinearComp,","81:LinearComp,","93:HammingCorr,",,
Mts000M002299.txt,"80:LinearComp,","81:LinearComp,","83:LempelZiv,",,
Mts000M002300.txt,22:ClosePairs,"80:LinearComp,","81:LinearComp,",,
Mts000M002301.txt,"11:CollisionOver,","80:LinearComp,","81:LinearComp,",,
Mts000M002304.txt,"55:SampleCorr,","80:LinearComp,","81:LinearComp,",,
Mts000M002307.txt,"61:WeightDistrib,","80:LinearComp,","81:LinearComp,",102:Run,
Mts000M002310.txt,"12:CollisionOver,","80:LinearComp,","81:LinearComp,",,
Mts000M002312.txt,79:RandomWalk1,"80:LinearComp,","81:LinearComp,",,
Mts000M002318.txt,"80:LinearComp,","81:LinearComp,",102:Run,,
Mts000M002324.txt,"48:MaxOft,","80:LinearComp,","81:LinearComp,",,
Mts000M002326.txt,78:RandomWalk1,"80:LinearComp,","81:LinearComp,",,
Mts000M002329.txt,78:RandomWalk1,"80:LinearComp,","81:LinearComp,",,
Mts000M002330.txt,22:ClosePairs,"80:LinearComp,","81:LinearComp,",,
Mts000M002333.txt,"1:SerialOver,","80:LinearComp,","81:LinearComp,",,
Mts000M002334.txt,"80:LinearComp,","81:LinearComp,","93:HammingCorr,",,
Mts000M002337.txt,"27:SimpPoker,","80:LinearComp,","81:LinearComp,",,
Mts000M002338.txt,"9:CollisionOver,","80:LinearComp,","81:LinearComp,",,
Mts000M002342.txt,25:ClosePairs,"80:LinearComp,","81:LinearComp,",,
Mts000M002346.txt,"80:LinearComp,","81:LinearComp,","83:LempelZiv,",,
Mts000M002350.txt,"80:LinearComp,","81:LinearComp,","81:LinearComp,",,
Mts000M002354.txt,"12:CollisionOver,","37:Gap,",76:RandomWalk1,"80:LinearComp,","81:LinearComp,"
Mts000M002355.txt,"11:CollisionOver,",74:RandomWalk1,"80:LinearComp,","81:LinearComp,",
Mts000M002357.txt,"12:CollisionOver,","80:LinearComp,","81:LinearComp,",,
Mts000M002359.txt,"39:Run,","80:LinearComp,","81:LinearComp,",,
Mts000M002361.txt,"9:CollisionOver,","80:LinearComp,","81:LinearComp,",,
Mts000M002367.txt,"80:LinearComp,","81:LinearComp,",101:Run,,
Mts000M002372.txt,"14:BirthdaySpacings,","80:LinearComp,","81:LinearComp,",,
Mts000M002373.txt,"80:LinearComp,","81:LinearComp,","83:LempelZiv,",,
Mts000M002376.txt,"1:SerialOver,","80:LinearComp,","81:LinearComp,",,
Mts000M002377.txt,"11:CollisionOver,","80:LinearComp,","81:LinearComp,",,
Mts000M002378.txt,74:RandomWalk1,"80:LinearComp,","81:LinearComp,",,
Mts000M002388.txt,74:RandomWalk1,"80:LinearComp,","81:LinearComp,",,
Mts000M002395.txt,"20:BirthdaySpacings,","80:LinearComp,","81:LinearComp,",,
Mts000M002396.txt,"10:CollisionOver,","80:LinearComp,","81:LinearComp,",,
Mts000M002398.txt,"43:Permutation,","80:LinearComp,","81:LinearComp,",,
Mts000M002399.txt,75:RandomWalk1,"80:LinearComp,","81:LinearComp,",,
Mts000M002400.txt,"48:MaxOft,","80:LinearComp,","81:LinearComp,",,
Mts000M002402.txt,"80:LinearComp,","81:LinearComp,",102:Run,,
Mts000M002407.txt,23:ClosePairs,76:RandomWalk1,"80:LinearComp,","81:LinearComp,",
Mts000M002410.txt,"17:BirthdaySpacings,","80:LinearComp,","81:LinearComp,",,
Mts000M002413.txt,"39:Run,","80:LinearComp,","81:LinearComp,",,
Mts000M002416.txt,"13:BirthdaySpacings,","80:LinearComp,","81:LinearComp,",,
Mts000M002417.txt,"80:LinearComp,","81:LinearComp,","86:LongestHeadRun,",,
Mts000M002428.txt,"80:LinearComp,","81:LinearComp,","88:PeriodsInStrings,",,
Mts000M002430.txt,76:RandomWalk1,"80:LinearComp,","81:LinearComp,",,
Mts000M002436.txt,"39:Run,","80:LinearComp,","81:LinearComp,",,
Mts000M002440.txt,"80:LinearComp,","81:LinearComp,","103:AutoCor,",,
Mts000M002441.txt,74:RandomWalk1,"80:LinearComp,","81:LinearComp,",,
Mts000M002442.txt,"12:CollisionOver,","80:LinearComp,","81:LinearComp,",,
Mts000M002445.txt,"52:SampleProd,","80:LinearComp,","81:LinearComp,",,
Mts000M002451.txt,"48:MaxOft,",78:RandomWalk1,"80:LinearComp,","81:LinearComp,",
Mts000M002452.txt,78:RandomWalk1,"80:LinearComp,","81:LinearComp,",,
Mts000M002453.txt,"9:CollisionOver,","80:LinearComp,","81:LinearComp,",,
Mts000M002456.txt,"9:CollisionOver,",78:RandomWalk1,"80:LinearComp,","81:LinearComp,",
Mts000M002457.txt,78:RandomWalk1,"80:LinearComp,","81:LinearComp,",,
Mts000M002462.txt,"12:CollisionOver,","34:Gap,","80:LinearComp,","81:LinearComp,",
Mts000M002467.txt,"2:SerialOver,",25:ClosePairs,"80:LinearComp,","81:LinearComp,",
Mts000M002470.txt,"40:Permutation,","80:LinearComp,","81:LinearComp,",,
Mts000M002475.txt,"12:CollisionOver,","43:Permutation,",78:RandomWalk1,"80:LinearComp,","81:LinearComp,"
Mts000M002478.txt,"11:CollisionOver,","50:SampleProd,","80:LinearComp,","81:LinearComp,",
Mts000M002481.txt,"12:CollisionOver,",75:RandomWalk1,"80:LinearComp,","81:LinearComp,",
Mts000M002484.txt,75:RandomWalk1,"80:LinearComp,","81:LinearComp,",,
Mts000M002490.txt,77:RandomWalk1,"80:LinearComp,","81:LinearComp,",,
Mts000M002494.txt,"21:BirthdaySpacings,","80:LinearComp,","81:LinearComp,",,
Mts000M002495.txt,"63:WeightDistrib,","80:LinearComp,","81:LinearComp,",,
Mts000M002501.txt,"9:CollisionOver,","80:LinearComp,","81:LinearComp,",,
Mts000M002503.txt,76:RandomWalk1,"80:LinearComp,","81:LinearComp,",,
Mts000M002504.txt,"2:SerialOver,","80:LinearComp,","81:LinearComp,",,
Mts000M002508.txt,"9:CollisionOver,","80:LinearComp,","81:LinearComp,",,
Mts000M002509.txt,"80:LinearComp,","81:LinearComp,","81:LinearComp,",,
Mts000M002510.txt,22:ClosePairs,"64:WeightDistrib,","80:LinearComp,","81:LinearComp,",
Mts000M002512.txt,"55:SampleCorr,","80:LinearComp,","81:LinearComp,",,
Mts000M002513.txt,"10:CollisionOver,","80:LinearComp,","81:LinearComp,",,
Mts000M002515.txt,24:ClosePairs,"80:LinearComp,","81:LinearComp,",,
Mts000M002523.txt,"80:LinearComp,","81:LinearComp,","105:AutoCor,",,
Mts000M002528.txt,"12:CollisionOver,","80:LinearComp,","81:LinearComp,",,
Mts000M002529.txt,"10:CollisionOver,","80:LinearComp,","81:LinearComp,",,
Mts000M002532.txt,"67:MatrixRank,","80:LinearComp,","81:LinearComp,",,
Mts000M002534.txt,25:ClosePairs,"80:LinearComp,","81:LinearComp,",,
Mts000M002536.txt,"7:CollisionOver,",25:ClosePairs,"57:AppearanceSpacings,","80:LinearComp,","81:LinearComp,"
Mts000M002542.txt,"53:SampleMean,","80:LinearComp,","81:LinearComp,",,
Mts000M002546.txt,"36:Gap,","80:LinearComp,","81:LinearComp,",,
Mts000M002549.txt,"33:CouponCollector,","80:LinearComp,","81:LinearComp,",,
Mts000M002553.txt,"11:CollisionOver,","80:LinearComp,","81:LinearComp,","104:AutoCor,",
Mts000M002557.txt,"54:SampleMean,","80:LinearComp,","81:LinearComp,",,
Mts000M002563.txt,"11:CollisionOver,","80:LinearComp,","81:LinearComp,",,
Mts000M002567.txt,"35:Gap,","80:LinearComp,","81:LinearComp,",,
Mts000M002570.txt,22:ClosePairs,22:ClosePairs,"80:LinearComp,","81:LinearComp,",
Mts000M002579.txt,"80:LinearComp,","81:LinearComp,","91:HammingWeight2,",,
Mts000M002582.txt,"4:CollisionOver,","80:LinearComp,","81:LinearComp,",,
Mts000M002583.txt,23:ClosePairs,"80:LinearComp,","81:LinearComp,",,
Mts000M002590.txt,"11:CollisionOver,","80:LinearComp,","81:LinearComp,",,
Mts000M002598.txt,"80:LinearComp,","81:LinearComp,","85:Fourier3,",,
Mts000M002601.txt,"32:CouponCollector,","80:LinearComp,","81:LinearComp,",,
Mts000M002603.txt,"45:CollisionPermut,","80:LinearComp,","81:LinearComp,","91:HammingWeight2,",
Mts000M002607.txt,"39:Run,","80:LinearComp,","81:LinearComp,",,
Mts000M002608.txt,"47:MaxOft,",76:RandomWalk1,"80:LinearComp,","81:LinearComp,",
Mts000M002610.txt,"48:MaxOft,","80:LinearComp,","81:LinearComp,",,
Mts000M002612.txt,75:RandomWalk1,"80:LinearComp,","81:LinearComp,",,
Mts000M002613.txt,24:ClosePairs,"80:LinearComp,","81:LinearComp,",,
Mts000M002614.txt,"18:BirthdaySpacings,","80:LinearComp,","81:LinearComp,",,
Mts000M002616.txt,"80:LinearComp,","81:LinearComp,","106:AutoCor,",,
Mts000M002617.txt,"29:SimpPoker,","80:LinearComp,","81:LinearComp,",,
Mts000M002627.txt,24:ClosePairs,"80:LinearComp,","81:LinearComp,",,
Mts000M002629.txt,"61:WeightDistrib,","71:MatrixRank,","80:LinearComp,","81:LinearComp,",
Mts000M002630.txt,74:RandomWalk1,"80:LinearComp,","81:LinearComp,",,
Mts000M002631.txt,"80:LinearComp,","81:LinearComp,","100:HammingIndep,",,
Mts000M002632.txt,"80:LinearComp,","81:LinearComp,","83:LempelZiv,","100:HammingIndep,",
Mts000M002633.txt,"57:AppearanceSpacings,","80:LinearComp,","81:LinearComp,","94:HammingCorr,",
Mts000M002644.txt,22:ClosePairs,"80:LinearComp,","81:LinearComp,","93:HammingCorr,",
Mts000M002646.txt,77:RandomWalk1,"80:LinearComp,","81:LinearComp,",,
Mts000M002653.txt,73:GCD,"80:LinearComp,","81:LinearComp,",,
Mts000M002656.txt,79:RandomWalk1,"80:LinearComp,","81:LinearComp,",,
Mts000M002658.txt,24:ClosePairs,"80:LinearComp,","81:LinearComp,",,
Mts000M002659.txt,76:RandomWalk1,"80:LinearComp,","81:LinearComp,",,
Mts000M002660.txt,"12:CollisionOver,","80:LinearComp,","81:LinearComp,",,
Mts000M002668.txt,"48:MaxOft,","80:LinearComp,","81:LinearComp,",,
Mts000M002669.txt,25:ClosePairs,25:ClosePairs,"80:LinearComp,","81:LinearComp,",
Mts000M002670.txt,"2:SerialOver,","80:LinearComp,","81:LinearComp,",,
Mts000M002671.txt,"37:Gap,","80:LinearComp,","81:LinearComp,",,
Mts000M002672.txt,"7:CollisionOver,","80:LinearComp,","81:LinearComp,",,
Mts000M002675.txt,"80:LinearComp,","81:LinearComp,","81:LinearComp,",,
Mts000M002678.txt,77:RandomWalk1,"80:LinearComp,","81:LinearComp,",,
Mts000M002679.txt,23:ClosePairs,"80:LinearComp,","81:LinearComp,",,
Mts000M002682.txt,74:RandomWalk1,"80:LinearComp,","81:LinearComp,",,
Mts000M002685.txt,"37:Gap,","80:LinearComp,","81:LinearComp,",,
Mts000M002695.txt,"36:Gap,",76:RandomWalk1,"80:LinearComp,","81:LinearComp,",
Mts000M002702.txt,25:ClosePairs,"80:LinearComp,","81:LinearComp,",,
Mts000M002705.txt,"9:CollisionOver,",24:ClosePairs,"80:LinearComp,","81:LinearComp,",
Mts000M002707.txt,22:ClosePairs,"80:LinearComp,","81:LinearComp,",,
Mts000M002709.txt,23:ClosePairs,"80:LinearComp,","81:LinearComp,",,
Mts000M002711.txt,"7:CollisionOver,","80:LinearComp,","81:LinearComp,",,
Mts000M002713.txt,"68:MatrixRank,",78:RandomWalk1,"80:LinearComp,","81:LinearComp,",
Mts000M002714.txt,"27:SimpPoker,","80:LinearComp,","81:LinearComp,",,
Mts000M002716.txt,"80:LinearComp,","80:LinearComp,","81:LinearComp,",,
Mts000M002718.txt,74:RandomWalk1,"80:LinearComp,","81:LinearComp,",,
Mts000M002724.txt,"9:CollisionOver,","80:LinearComp,","81:LinearComp,",,
Mts000M002727.txt,"12:CollisionOver,","80:LinearComp,","81:LinearComp,",,
Mts000M002728.txt,"17:BirthdaySpacings,","80:LinearComp,","81:LinearComp,",,
Mts000M002730.txt,"67:MatrixRank,","80:LinearComp,","81:LinearComp,",,
Mts000M002736.txt,"64:WeightDistrib,","80:LinearComp,","81:LinearComp,",,
Mts000M002738.txt,"34:Gap,","80:LinearComp,","81:LinearComp,",,
Mts000M002743.txt,48:MaxOft,"80:LinearComp,","81:LinearComp,",,
Mts000M002746.txt,74:RandomWalk1,"80:LinearComp,","81:LinearComp,",,
Mts000M002751.txt,72:Savir2,"80:LinearComp,","81:LinearComp,",,
Mts000M002758.txt,"10:CollisionOver,","80:LinearComp,","81:LinearComp,",,
Mts000M002766.txt,"12:CollisionOver,","80:LinearComp,","81:LinearComp,",,
Mts000M002773.txt,78:RandomWalk1,"80:LinearComp,","81:LinearComp,",,
Mts000M002778.txt,"41:Permutation,","80:LinearComp,","81:LinearComp,",,
Mts000M002779.txt,"12:CollisionOver,","80:LinearComp,","81:LinearComp,",,
Mts000M002780.txt,"66:MatrixRank,","80:LinearComp,","81:LinearComp,",,
Mts000M002781.txt,22:ClosePairs,"80:LinearComp,","81:LinearComp,",,
Mts000M002783.txt,77:RandomWalk1,"80:LinearComp,","81:LinearComp,",,
Mts000M002784.txt,"80:LinearComp,","81:LinearComp,","87:LongestHeadRun,",,
Mts000M002788.txt,"36:Gap,",75:RandomWalk1,"80:LinearComp,","81:LinearComp,",
Mts000M002796.txt,"27:SimpPoker,","46:MaxOft,","80:LinearComp,","81:LinearComp,",
Mts000M002800.txt,"58:AppearanceSpacings,","80:LinearComp,","81:LinearComp,",,
Mts000M002804.txt,24:ClosePairs,"80:LinearComp,","81:LinearComp,",,
Mts000M002805.txt,"33:CouponCollector,","80:LinearComp,","81:LinearComp,",,
Mts000M002806.txt,24:ClosePairs,"80:LinearComp,","81:LinearComp,",,
Mts000M002808.txt,22:ClosePairs,"49:MaxOft,",78:RandomWalk1,"80:LinearComp,","81:LinearComp,"
Mts000M002809.txt,"80:LinearComp,","81:LinearComp,","93:HammingCorr,",,
Mts000M002811.txt,"26:SimpPoker,","80:LinearComp,","81:LinearComp,",,
Mts000M002815.txt,"80:LinearComp,","81:LinearComp,",101:Run,,
Mts000M002819.txt,79:RandomWalk1,"80:LinearComp,","81:LinearComp,",,
Mts000M002821.txt,"26:SimpPoker,",76:RandomWalk1,"80:LinearComp,","81:LinearComp,",
Mts000M002831.txt,"49:MaxOft,","80:LinearComp,","81:LinearComp,",,
Mts000M002833.txt,"8:CollisionOver,","80:LinearComp,","81:LinearComp,",,
Mts000M002838.txt,"4:CollisionOver,","80:LinearComp,","81:LinearComp,",,
Mts000M002840.txt,"11:CollisionOver,","80:LinearComp,","81:LinearComp,",,
Mts000M002842.txt,"43:Permutation,","56:SampleCorr,","80:LinearComp,","81:LinearComp,",
Mts000M002845.txt,"66:MatrixRank,","80:LinearComp,","81:LinearComp,",,
Mts000M002846.txt,"80:LinearComp,","81:LinearComp,","93:HammingCorr,",,
Mts000M002847.txt,25:ClosePairs,"80:LinearComp,","81:LinearComp,",,
Mts000M002851.txt,25:ClosePairs,"80:LinearComp,","81:LinearComp,",,
Mts000M002852.txt,"68:MatrixRank,","80:LinearComp,","81:LinearComp,",,
Mts000M002856.txt,22:ClosePairs,"80:LinearComp,","81:LinearComp,",,
Mts000M002857.txt,"12:CollisionOver,","80:LinearComp,","81:LinearComp,",,
Mts000M002858.txt,"36:Gap,",73:GCD,"80:LinearComp,","81:LinearComp,",
Mts000M002859.txt,"80:LinearComp,","81:LinearComp,","85:Fourier3,",,
Mts000M002874.txt,"9:CollisionOver,","80:LinearComp,","81:LinearComp,",,
Mts000M002875.txt,74:RandomWalk1,"80:LinearComp,","81:LinearComp,",,
Mts000M002878.txt,"9:CollisionOver,","80:LinearComp,","81:LinearComp,",,
Mts000M002883.txt,"80:LinearComp,","80:LinearComp,","81:LinearComp,",,
Mts000M002889.txt,"80:LinearComp,","81:LinearComp,","93:HammingCorr,",,
Mts000M002892.txt,79:RandomWalk1,"80:LinearComp,","81:LinearComp,",,
Mts000M002894.txt,"12:CollisionOver,","80:LinearComp,","81:LinearComp,",,
Mts000M002895.txt,"33:CouponCollector,","80:LinearComp,","81:LinearComp,",,
Mts000M002902.txt,"9:CollisionOver,","80:LinearComp,","81:LinearComp,",,
Mts000M002907.txt,"28:SimpPoker,","80:LinearComp,","81:LinearComp,",,
Mts000M002910.txt,22:ClosePairs,"80:LinearComp,","81:LinearComp,",,
Mts000M002913.txt,23:ClosePairs,"80:LinearComp,","81:LinearComp,",,
Mts000M002914.txt,79:RandomWalk1,"80:LinearComp,","81:LinearComp,",,
Mts000M002918.txt,77:RandomWalk1,"80:LinearComp,","81:LinearComp,",,
Mts000M002923.txt,77:RandomWalk1,"80:LinearComp,","81:LinearComp,",,
Mts000M002926.txt,"3:CollisionOver,","80:LinearComp,","81:LinearComp,",,
Mts000M002929.txt,"80:LinearComp,","81:LinearComp,","95:HammingIndep,",,
Mts000M002946.txt,49:MaxOft,"80:LinearComp,","81:LinearComp,",,
Mts000M002951.txt,"51:SampleProd,","70:MatrixRank,","80:LinearComp,","81:LinearComp,",
Mts000M002960.txt,"48:MaxOft,","80:LinearComp,","81:LinearComp,",,
Mts000M002966.txt,"52:SampleProd,","80:LinearComp,","81:LinearComp,",,
Mts000M002971.txt,76:RandomWalk1,"80:LinearComp,","81:LinearComp,",,
Mts000M002982.txt,"80:LinearComp,","81:LinearComp,","87:LongestHeadRun,",,
Mts000M002987.txt,78:RandomWalk1,"80:LinearComp,","81:LinearComp,",,
Mts000M002994.txt,"80:LinearComp,","81:LinearComp,","82:LempelZiv,",,
Mts000M002997.txt,77:RandomWalk1,"80:LinearComp,","81:LinearComp,",,
Mts000M002999.txt,"34:Gap,","80:LinearComp,","81:LinearComp,",,
Mts000M003003.txt,"60:WeightDistrib,","80:LinearComp,","81:LinearComp,",,
Mts000M003011.txt,"42:Permutation,","80:LinearComp,","81:LinearComp,",,
Mts000M003012.txt,"9:CollisionOver,","80:LinearComp,","81:LinearComp,",,
Mts000M003013.txt,"46:MaxOft,","80:LinearComp,","81:LinearComp,",,
Mts000M003014.txt,"12:CollisionOver,","80:LinearComp,","81:LinearComp,",,
Mts000M003016.txt,"8:CollisionOver,","80:LinearComp,","81:LinearComp,",,
Mts000M003017.txt,"20:BirthdaySpacings,","80:LinearComp,","81:LinearComp,",,
Mts000M003022.txt,"80:LinearComp,","81:LinearComp,","88:PeriodsInStrings,",,
Mts000M003024.txt,"80:LinearComp,","81:LinearComp,","96:HammingIndep,",,
Mts000M003027.txt,"57:AppearanceSpacings,","80:LinearComp,","81:LinearComp,",,
Mts000M003029.txt,"80:LinearComp,","81:LinearComp,","91:HammingWeight2,",,
Mts000M003030.txt,"54:SampleMean,","80:LinearComp,","81:LinearComp,",,
Mts000M003034.txt,"15:BirthdaySpacings,","68:MatrixRank,","80:LinearComp,","81:LinearComp,",
Mts000M003036.txt,77:RandomWalk1,"80:LinearComp,","81:LinearComp,",,
Mts000M003041.txt,79:RandomWalk1,"80:LinearComp,","81:LinearComp,",,
Mts000M003043.txt,"41:Permutation,","80:LinearComp,","81:LinearComp,",,
Mts000M003049.txt,76:RandomWalk1,"80:LinearComp,","81:LinearComp,",,
Mts000M003050.txt,"55:SampleCorr,","80:LinearComp,","81:LinearComp,",,
Mts000M003054.txt,25:ClosePairs,"80:LinearComp,","81:LinearComp,",,
Mts000M003057.txt,"16:BirthdaySpacings,","80:LinearComp,","81:LinearComp,",,
Mts000M003058.txt,"10:CollisionOver,","80:LinearComp,","81:LinearComp,",,
Mts000M003061.txt,"11:CollisionOver,","39:Run,","80:LinearComp,","81:LinearComp,",
Mts000M003062.txt,"12:CollisionOver,","80:LinearComp,","81:LinearComp,",,
Mts000M003068.txt,"61:WeightDistrib,","80:LinearComp,","81:LinearComp,",,
Mts000M003073.txt,"42:Permutation,","80:LinearComp,","81:LinearComp,",,
Mts000M003083.txt,"1:SerialOver,",24:ClosePairs,"80:LinearComp,","81:LinearComp,",
Mts000M003093.txt,24:ClosePairs,"80:LinearComp,","81:LinearComp,",,
Mts000M003095.txt,"11:CollisionOver,","80:LinearComp,","81:LinearComp,",,
Mts000M003098.txt,"70:MatrixRank,","80:LinearComp,","81:LinearComp,",,
Mts000M003100.txt,"7:CollisionOver,","80:LinearComp,","81:LinearComp,",,
Mts000M003103.txt,77:RandomWalk1,"80:LinearComp,","81:LinearComp,",,
Mts000M003105.txt,"56:SampleCorr,","80:LinearComp,","81:LinearComp,",,
Mts000M003108.txt,"44:CollisionPermut,",77:RandomWalk1,"80:LinearComp,","81:LinearComp,",
Mts000M003114.txt,"9:CollisionOver,","47:MaxOft,","80:LinearComp,","81:LinearComp,",
Mts000M003119.txt,"67:MatrixRank,","80:LinearComp,","81:LinearComp,",,
Mts000M003120.txt,"12:CollisionOver,","80:LinearComp,","81:LinearComp,",,
Mts000M003122.txt,72:Savir2,78:RandomWalk1,"80:LinearComp,","81:LinearComp,",
Mts000M003126.txt,"2:SerialOver,",76:RandomWalk1,"80:LinearComp,","81:LinearComp,",
Mts000M003130.txt,75:RandomWalk1,"80:LinearComp,","81:LinearComp,",,
Mts000M003132.txt,23:ClosePairs,"80:LinearComp,","81:LinearComp,",,
Mts000M003138.txt,"27:SimpPoker,","80:LinearComp,","81:LinearComp,",,
Mts000M003140.txt,24:ClosePairs,"80:LinearComp,","81:LinearComp,",,
Mts000M003143.txt,"80:LinearComp,","81:LinearComp,","98:HammingIndep,",,
Mts000M003147.txt,25:ClosePairs,25:ClosePairs,"80:LinearComp,","81:LinearComp,",
Mts000M003153.txt,"71:MatrixRank,","80:LinearComp,","81:LinearComp,",,
Mts000M003159.txt,65:SumCollector,"80:LinearComp,","81:LinearComp,",,
Mts000M003165.txt,"80:LinearComp,","81:LinearComp,","105:AutoCor,",,
Mts000M003171.txt,"80:LinearComp,","81:LinearComp,","100:HammingIndep,",,
Mts000M003175.txt,"13:BirthdaySpacings,","80:LinearComp,","81:LinearComp,",,
Mts000M003176.txt,"39:Run,","80:LinearComp,","81:LinearComp,",,
Mts000M003178.txt,"29:SimpPoker,","80:LinearComp,","81:LinearComp,",,
Mts000M003183.txt,22:ClosePairs,"80:LinearComp,","81:LinearComp,",,
Mts000M003184.txt,"80:LinearComp,","81:LinearComp,","91:HammingWeight2,","104:AutoCor,",
Mts000M003185.txt,"2:SerialOver,","80:LinearComp,","81:LinearComp,","93:HammingCorr,",
Mts000M003188.txt,22:ClosePairs,24:ClosePairs,"80:LinearComp,","81:LinearComp,","106:AutoCor,"
Mts000M003191.txt,"12:CollisionOver,","80:LinearComp,","81:LinearComp,",,
Mts000M003193.txt,"59:WeightDistrib,","80:LinearComp,","81:LinearComp,",,
Mts000M003196.txt,77:RandomWalk1,"80:LinearComp,","81:LinearComp,",,
Mts000M003202.txt,"62:WeightDistrib,","80:LinearComp,","81:LinearComp,",,
Mts000M003203.txt,78:RandomWalk1,"80:LinearComp,","81:LinearComp,",,
Mts000M003206.txt,"13:BirthdaySpacings,","80:LinearComp,","81:LinearComp,",,
Mts000M003210.txt,"53:SampleMean,","80:LinearComp,","81:LinearComp,",,
Mts000M003213.txt,"12:CollisionOver,","80:LinearComp,","81:LinearComp,",,
Mts000M003214.txt,"67:MatrixRank,","80:LinearComp,","81:LinearComp,",,
Mts000M003215.txt,"12:CollisionOver,","80:LinearComp,","81:LinearComp,",,
Mts000M003216.txt,"4:CollisionOver,","80:LinearComp,","81:LinearComp,",,
Mts000M003222.txt,"30:CouponCollector,","80:LinearComp,","81:LinearComp,",,
Mts000M003231.txt,77:RandomWalk1,"80:LinearComp,","81:LinearComp,",,
Mts000M003236.txt,24:ClosePairs,"80:LinearComp,","81:LinearComp,","83:LempelZiv,",
Mts000M003238.txt,"80:LinearComp,","81:LinearComp,","97:HammingIndep,",,
Mts000M003240.txt,"11:CollisionOver,","80:LinearComp,","81:LinearComp,",,
Mts000M003245.txt,24:ClosePairs,"80:LinearComp,","81:LinearComp,",,
Mts000M003252.txt,"60:WeightDistrib,","80:LinearComp,","81:LinearComp,",,
Mts000M003253.txt,22:ClosePairs,"80:LinearComp,","81:LinearComp,",,
Mts000M003254.txt,25:ClosePairs,"80:LinearComp,","81:LinearComp,",,
Mts000M003257.txt,75:RandomWalk1,"80:LinearComp,","81:LinearComp,",,
Mts000M003259.txt,"80:LinearComp,","80:LinearComp,","81:LinearComp,",,
Mts000M003260.txt,"51:SampleProd,","80:LinearComp,","81:LinearComp,",,
Mts000M003261.txt,25:ClosePairs,"80:LinearComp,","81:LinearComp,",,
Mts000M003262.txt,"57:AppearanceSpacings,","80:LinearComp,","81:LinearComp,",,
Mts000M003267.txt,"17:BirthdaySpacings,",24:ClosePairs,74:RandomWalk1,"80:LinearComp,","81:LinearComp,"
Mts000M003268.txt,"63:WeightDistrib,","80:LinearComp,","81:LinearComp,",,
Mts000M003270.txt,"10:CollisionOver,","80:LinearComp,","81:LinearComp,",,
Mts000M003272.txt,74:RandomWalk1,"80:LinearComp,","81:LinearComp,",,
Mts000M003277.txt,75:RandomWalk1,"80:LinearComp,","81:LinearComp,",,
Mts000M003281.txt,"9:CollisionOver,","80:LinearComp,","81:LinearComp,",,
Mts000M003288.txt,78:RandomWalk1,"80:LinearComp,","81:LinearComp,",,
Mts000M003289.txt,"43:Permutation,","80:LinearComp,","81:LinearComp,",,
Mts000M003290.txt,"9:CollisionOver,","46:MaxOft,","80:LinearComp,","81:LinearComp,",
Mts000M003294.txt,"6:CollisionOver,","80:LinearComp,","81:LinearComp,",,
Mts000M003296.txt,"80:LinearComp,","81:LinearComp,","89:PeriodsInStrings,",,
Mts000M003298.txt,72:Savir2,"80:LinearComp,","81:LinearComp,",,
Mts000M003300.txt,78:RandomWalk1,"80:LinearComp,","81:LinearComp,",,
Mts000M003304.txt,"9:CollisionOver,","80:LinearComp,","81:LinearComp,",,
Mts000M003305.txt,65:SumCollector,"80:LinearComp,","81:LinearComp,",,
Mts000M003307.txt,79:RandomWalk1,"80:LinearComp,","81:LinearComp,",,
Mts000M003309.txt,24:ClosePairs,"80:LinearComp,","81:LinearComp,",,
Mts000M003313.txt,"64:WeightDistrib,","80:LinearComp,","81:LinearComp,",,
Mts000M003318.txt,"80:LinearComp,","81:LinearComp,","91:HammingWeight2,",,
Mts000M003326.txt,24:ClosePairs,"27:SimpPoker,","80:LinearComp,","81:LinearComp,",
Mts000M003330.txt,75:RandomWalk1,"80:LinearComp,","81:LinearComp,",,
Mts000M003338.txt,"61:WeightDistrib,","80:LinearComp,","81:LinearComp,",,
Mts000M003339.txt,"5:CollisionOver,","80:LinearComp,","81:LinearComp,",,
Mts000M003343.txt,"13:BirthdaySpacings,","80:LinearComp,","81:LinearComp,",,
Mts000M003345.txt,46:MaxOft,"80:LinearComp,","81:LinearComp,",,
Mts000M003358.txt,"34:Gap,","80:LinearComp,","81:LinearComp,","105:AutoCor,",
Mts000M003368.txt,77:RandomWalk1,"80:LinearComp,","81:LinearComp,",,
Mts000M003370.txt,"47:MaxOft,","80:LinearComp,","81:LinearComp,",,
Mts000M003377.txt,23:ClosePairs,"80:LinearComp,","81:LinearComp,",,
Mts000M003381.txt,"14:BirthdaySpacings,","80:LinearComp,","81:LinearComp,",,
Mts000M003385.txt,"80:LinearComp,","81:LinearComp,","87:LongestHeadRun,",,
Mts000M003386.txt,"55:SampleCorr,","80:LinearComp,","81:LinearComp,",,
Mts000M003387.txt,"30:CouponCollector,","80:LinearComp,","81:LinearComp,",,
Mts000M003389.txt,"43:Permutation,","80:LinearComp,","81:LinearComp,",,
Mts000M003392.txt,"11:CollisionOver,","80:LinearComp,","81:LinearComp,",,
Mts000M003397.txt,79:RandomWalk1,"80:LinearComp,","81:LinearComp,",,
Mts000M003402.txt,24:ClosePairs,77:RandomWalk1,"80:LinearComp,","81:LinearComp,",
Mts000M003404.txt,"80:LinearComp,","81:LinearComp,","90:HammingWeight2,",,
Mts000M003410.txt,"5:CollisionOver,","80:LinearComp,","81:LinearComp,",,
Mts000M003413.txt,"49:MaxOft,",75:RandomWalk1,"80:LinearComp,","81:LinearComp,",
Mts000M003416.txt,"80:LinearComp,","81:LinearComp,","91:HammingWeight2,",,
Mts000M003417.txt,"12:CollisionOver,","80:LinearComp,","81:LinearComp,",,
Mts000M003421.txt,"49:MaxOft,","80:LinearComp,","81:LinearComp,",,
Mts000M003423.txt,"54:SampleMean,","80:LinearComp,","81:LinearComp,","87:LongestHeadRun,",
Mts000M003424.txt,"80:LinearComp,","81:LinearComp,","87:LongestHeadRun,",,
Mts000M003427.txt,"11:CollisionOver,","80:LinearComp,","81:LinearComp,",,
Mts000M003430.txt,78:RandomWalk1,"80:LinearComp,","81:LinearComp,",,
Mts000M003431.txt,"9:CollisionOver,","80:LinearComp,","81:LinearComp,",,
Mts000M003433.txt,"21:BirthdaySpacings,","80:LinearComp,","81:LinearComp,",,
Mts000M003440.txt,"80:LinearComp,","80:LinearComp,","81:LinearComp,",,
Mts000M003448.txt,"11:CollisionOver,","80:LinearComp,","81:LinearComp,",,
Mts000M003453.txt,25:ClosePairs,"80:LinearComp,","81:LinearComp,",,
Mts000M003458.txt,"46:MaxOft,","53:SampleMean,","80:LinearComp,","81:LinearComp,",
Mts000M003461.txt,"40:Permutation,","80:LinearComp,","81:LinearComp,",,
Mts000M003462.txt,"20:BirthdaySpacings,","80:LinearComp,","81:LinearComp,",,
Mts000M003469.txt,"80:LinearComp,","81:LinearComp,","98:HammingIndep,",,
Mts000M003474.txt,77:RandomWalk1,"80:LinearComp,","81:LinearComp,",,
Mts000M003475.txt,"7:CollisionOver,","80:LinearComp,","81:LinearComp,",,
Mts000M003480.txt,"12:CollisionOver,","80:LinearComp,","81:LinearComp,",,
Mts000M003491.txt,"1:SerialOver,",23:ClosePairs,"80:LinearComp,","81:LinearComp,",
Mts000M003497.txt,77:RandomWalk1,"80:LinearComp,","81:LinearComp,",,
Mts000M003501.txt,47:MaxOft,"80:LinearComp,","81:LinearComp,",,
Mts000M003503.txt,"11:CollisionOver,","12:CollisionOver,",23:ClosePairs,"80:LinearComp,","81:LinearComp,"
Mts000M003508.txt,72:Savir2,"80:LinearComp,","81:LinearComp,",,
Mts000M003511.txt,77:RandomWalk1,"80:LinearComp,","81:LinearComp,",,
Mts000M003515.txt,"12:CollisionOver,","80:LinearComp,","81:LinearComp,",,
Mts000M003521.txt,48:MaxOft,"80:LinearComp,","81:LinearComp,",,
Mts000M003530.txt,"60:WeightDistrib,","80:LinearComp,","81:LinearComp,",,
Mts000M003532.txt,48:MaxOft,"80:LinearComp,","81:LinearComp,",,
Mts000M003533.txt,"48:MaxOft,","80:LinearComp,","81:LinearComp,",,
Mts000M003537.txt,"1:SerialOver,","80:LinearComp,","81:LinearComp,",,
Mts000M003549.txt,"7:CollisionOver,","80:LinearComp,","81:LinearComp,",,
Mts000M003551.txt,25:ClosePairs,"68:MatrixRank,","80:LinearComp,","81:LinearComp,",
Mts000M003555.txt,25:ClosePairs,"80:LinearComp,","81:LinearComp,",,
Mts000M003557.txt,"68:MatrixRank,","80:LinearComp,","81:LinearComp,",,
Mts000M003558.txt,48:MaxOft,"80:LinearComp,","81:LinearComp,",,
Mts000M003559.txt,"41:Permutation,","80:LinearComp,","81:LinearComp,",,
Mts000M003569.txt,"2:SerialOver,","80:LinearComp,","81:LinearComp,","99:HammingIndep,",
Mts000M003578.txt,"29:SimpPoker,","80:LinearComp,","81:LinearComp,",,
Mts000M003580.txt,"80:LinearComp,","81:LinearComp,",101:Run,"105:AutoCor,",
Mts000M003585.txt,"80:LinearComp,","81:LinearComp,","104:AutoCor,",,
Mts000M003588.txt,25:ClosePairs,"80:LinearComp,","81:LinearComp,",,
Mts000M003589.txt,23:ClosePairs,79:RandomWalk1,"80:LinearComp,","81:LinearComp,",
Mts000M003594.txt,"11:CollisionOver,","80:LinearComp,","81:LinearComp,",,
Mts000M003596.txt,"80:LinearComp,","81:LinearComp,","89:PeriodsInStrings,",,
Mts000M003597.txt,"14:BirthdaySpacings,",74:RandomWalk1,"80:LinearComp,","81:LinearComp,",
Mts000M003599.txt,"12:CollisionOver,","80:LinearComp,","81:LinearComp,","99:HammingIndep,",
Mts000M003601.txt,"55:SampleCorr,","80:LinearComp,","81:LinearComp,","88:PeriodsInStrings,",
Mts000M003602.txt,25:ClosePairs,"80:LinearComp,","81:LinearComp,",,
Mts000M003603.txt,"59:WeightDistrib,","80:LinearComp,","81:LinearComp,",,
Mts000M003607.txt,74:RandomWalk1,"80:LinearComp,","81:LinearComp,",,
Mts000M003609.txt,22:ClosePairs,"80:LinearComp,","81:LinearComp,",,
Mts000M003610.txt,78:RandomWalk1,"80:LinearComp,","81:LinearComp,",,
Mts000M003611.txt,"18:BirthdaySpacings,","80:LinearComp,","81:LinearComp,",,
Mts000M003615.txt,"80:LinearComp,","81:LinearComp,","99:HammingIndep,",,
Mts000M003621.txt,"34:Gap,","80:LinearComp,","81:LinearComp,",,
Mts000M003627.txt,"12:CollisionOver,","80:LinearComp,","81:LinearComp,",,
Mts000M003630.txt,"12:CollisionOver,","80:LinearComp,","81:LinearComp,",,
Mts000M003632.txt,76:RandomWalk1,"80:LinearComp,","81:LinearComp,",,
Mts000M003637.txt,"80:LinearComp,","80:LinearComp,","81:LinearComp,",,
Mts000M003638.txt,"6:CollisionOver,","80:LinearComp,","81:LinearComp,",,
Mts000M003640.txt,"80:LinearComp,","81:LinearComp,","94:HammingCorr,",,
Mts000M003645.txt,"9:CollisionOver,","28:SimpPoker,","80:LinearComp,","81:LinearComp,",
Mts000M003647.txt,74:RandomWalk1,"80:LinearComp,","81:LinearComp,",,
Mts000M003650.txt,"29:SimpPoker,","80:LinearComp,","81:LinearComp,",,
Mts000M003653.txt,"80:LinearComp,","81:LinearComp,","99:HammingIndep,",,
Mts000M003655.txt,"61:WeightDistrib,","80:LinearComp,","81:LinearComp,",,
Mts000M003659.txt,"12:CollisionOver,","80:LinearComp,","81:LinearComp,",,
Mts000M003660.txt,"9:CollisionOver,","80:LinearComp,","81:LinearComp,",,
Mts000M003661.txt,22:ClosePairs,74:RandomWalk1,"80:LinearComp,","81:LinearComp,",
Mts000M003666.txt,22:ClosePairs,"80:LinearComp,","81:LinearComp,",,
Mts000M003677.txt,"1:SerialOver,","80:LinearComp,","81:LinearComp,",,
Mts000M003678.txt,"64:WeightDistrib,","80:LinearComp,","81:LinearComp,",,
Mts000M003686.txt,22:ClosePairs,"52:SampleProd,","80:LinearComp,","81:LinearComp,",
Mts000M003689.txt,"33:CouponCollector,","80:LinearComp,","81:LinearComp,","82:LempelZiv,",
Mts000M003691.txt,"19:BirthdaySpacings,","80:LinearComp,","81:LinearComp,",,
Mts000M003692.txt,75:RandomWalk1,"80:LinearComp,","81:LinearComp,",,
Mts000M003695.txt,"60:WeightDistrib,","80:LinearComp,","81:LinearComp,",,
Mts000M003696.txt,79:RandomWalk1,"80:LinearComp,","81:LinearComp,",,
Mts000M003697.txt,23:ClosePairs,"63:WeightDistrib,","80:LinearComp,","81:LinearComp,",
Mts000M003698.txt,"11:CollisionOver,","80:LinearComp,","81:LinearComp,",,
Mts000M003701.txt,77:RandomWalk1,"80:LinearComp,","81:LinearComp,",,
Mts000M003702.txt,79:RandomWalk1,"80:LinearComp,","81:LinearComp,",,
Mts000M003703.txt,22:ClosePairs,"80:LinearComp,","81:LinearComp,",,
Mts000M003704.txt,22:ClosePairs,"80:LinearComp,","81:LinearComp,",,
Mts000M003708.txt,24:ClosePairs,"80:LinearComp,","81:LinearComp,",,
Mts000M003714.txt,"3:CollisionOver,","80:LinearComp,","81:LinearComp,","81:LinearComp,",
Mts000M003715.txt,"47:MaxOft,","80:LinearComp,","81:LinearComp,",,
Mts000M003721.txt,"12:CollisionOver,","80:LinearComp,","81:LinearComp,",,
Mts000M003722.txt,"36:Gap,","49:MaxOft,",79:RandomWalk1,"80:LinearComp,","81:LinearComp,"
Mts000M003726.txt,76:RandomWalk1,"80:LinearComp,","81:LinearComp,",,
Mts000M003736.txt,79:RandomWalk1,"80:LinearComp,","81:LinearComp,",,
Mts000M003739.txt,"11:CollisionOver,","80:LinearComp,","81:LinearComp,",,
Mts000M003748.txt,23:ClosePairs,"80:LinearComp,","81:LinearComp,",,
Mts000M003751.txt,"12:CollisionOver,",22:ClosePairs,25:ClosePairs,"80:LinearComp,","81:LinearComp,"
Mts000M003752.txt,"48:MaxOft,","80:LinearComp,","81:LinearComp,",,
Mts000M003755.txt,24:ClosePairs,"80:LinearComp,","81:LinearComp,",,
Mts000M003757.txt,"39:Run,",77:RandomWalk1,"80:LinearComp,","81:LinearComp,",
Mts000M003764.txt,"19:BirthdaySpacings,","80:LinearComp,","81:LinearComp,",,
Mts000M003765.txt,"11:CollisionOver,","80:LinearComp,","81:LinearComp,","103:AutoCor,",
Mts000M003772.txt,"80:LinearComp,","81:LinearComp,","93:HammingCorr,",,
Mts000M003775.txt,22:ClosePairs,"80:LinearComp,","81:LinearComp,",,
Mts000M003780.txt,25:ClosePairs,"80:LinearComp,","81:LinearComp,",,
Mts000M003784.txt,24:ClosePairs,"80:LinearComp,","81:LinearComp,",,
Mts000M003785.txt,"31:CouponCollector,","33:CouponCollector,","80:LinearComp,","81:LinearComp,",
Mts000M003787.txt,"53:SampleMean,","80:LinearComp,","81:LinearComp,",,
Mts000M003788.txt,77:RandomWalk1,"80:LinearComp,","81:LinearComp,",,
Mts000M003794.txt,"44:CollisionPermut,","80:LinearComp,","81:LinearComp,",,
Mts000M003799.txt,"80:LinearComp,","81:LinearComp,","103:AutoCor,",,
Mts000M003801.txt,77:RandomWalk1,"80:LinearComp,","81:LinearComp,",,
Mts000M003802.txt,79:RandomWalk1,"80:LinearComp,","81:LinearComp,",,
Mts000M003803.txt,"9:CollisionOver,",25:ClosePairs,"80:LinearComp,","81:LinearComp,",
Mts000M003808.txt,"3:CollisionOver,","80:LinearComp,","81:LinearComp,",,
Mts000M003816.txt,48:MaxOft,"80:LinearComp,","81:LinearComp,",,
Mts000M003821.txt,"54:SampleMean,","80:LinearComp,","81:LinearComp,",,
Mts000M003829.txt,"6:CollisionOver,","30:CouponCollector,","80:LinearComp,","81:LinearComp,",
Mts000M003832.txt,"12:CollisionOver,","35:Gap,","80:LinearComp,","81:LinearComp,",
Mts000M003834.txt,24:ClosePairs,"80:LinearComp,","81:LinearComp,",,
Mts000M003838.txt,78:RandomWalk1,79:RandomWalk1,"80:LinearComp,","81:LinearComp,",
Mts000M003839.txt,"80:LinearComp,","81:LinearComp,","103:AutoCor,",,
Mts000M003847.txt,"46:MaxOft,","80:LinearComp,","81:LinearComp,",,
Mts000M003848.txt,25:ClosePairs,"80:LinearComp,","81:LinearComp,",,
Mts000M003850.txt,"12:CollisionOver,","80:LinearComp,","81:LinearComp,",,
Mts000M003851.txt,"80:LinearComp,","81:LinearComp,","97:HammingIndep,",,
Mts000M003854.txt,78:RandomWalk1,"80:LinearComp,","81:LinearComp,",,
Mts000M003856.txt,"10:CollisionOver,","80:LinearComp,","81:LinearComp,",,
Mts000M003857.txt,77:RandomWalk1,"80:LinearComp,","81:LinearComp,",,
Mts000M003859.txt,"11:CollisionOver,","80:LinearComp,","81:LinearComp,",,
Mts000M003861.txt,"12:CollisionOver,","52:SampleProd,","80:LinearComp,","81:LinearComp,",
Mts000M003864.txt,"10:CollisionOver,","80:LinearComp,","81:LinearComp,",,
Mts000M003866.txt,"8:CollisionOver,","80:LinearComp,","81:LinearComp,",,
Mts000M003869.txt,"80:LinearComp,","81:LinearComp,","86:LongestHeadRun,",,
Mts000M003872.txt,"6:CollisionOver,","50:SampleProd,","80:LinearComp,","81:LinearComp,","94:HammingCorr,"
Mts000M003873.txt,77:RandomWalk1,"80:LinearComp,","81:LinearComp,",,
Mts000M003875.txt,"80:LinearComp,","81:LinearComp,","91:HammingWeight2,",,
Mts000M003880.txt,"11:CollisionOver,","80:LinearComp,","81:LinearComp,",,
Mts000M003881.txt,23:ClosePairs,"80:LinearComp,","81:LinearComp,",,
Mts000M003882.txt,"12:CollisionOver,","80:LinearComp,","81:LinearComp,",,
Mts000M003883.txt,76:RandomWalk1,"80:LinearComp,","81:LinearComp,",,
Mts000M003884.txt,"11:CollisionOver,","80:LinearComp,","81:LinearComp,",,
Mts000M003887.txt,24:ClosePairs,"80:LinearComp,","81:LinearComp,",,
Mts000M003889.txt,"26:SimpPoker,","80:LinearComp,","81:LinearComp,",,
Mts000M003890.txt,24:ClosePairs,"26:SimpPoker,","80:LinearComp,","81:LinearComp,","91:HammingWeight2,"
Mts000M003891.txt,"68:MatrixRank,","80:LinearComp,","81:LinearComp,","81:LinearComp,",
Mts000M003894.txt,"39:Run,","80:LinearComp,","81:LinearComp,","103:AutoCor,",
Mts000M003904.txt,"18:BirthdaySpacings,",78:RandomWalk1,"80:LinearComp,","81:LinearComp,",
Mts000M003908.txt,25:ClosePairs,"80:LinearComp,","81:LinearComp,",,
Mts000M003909.txt,"80:LinearComp,","81:LinearComp,","92:HammingCorr,",,
Mts000M003917.txt,"5:CollisionOver,",78:RandomWalk1,"80:LinearComp,","81:LinearComp,",
Mts000M003919.txt,74:RandomWalk1,"80:LinearComp,","81:LinearComp,",,
Mts000M003923.txt,"28:SimpPoker,",74:RandomWalk1,"80:LinearComp,","81:LinearComp,",
Mts000M003925.txt,72:Savir2,"80:LinearComp,","81:LinearComp,",,
Mts000M003926.txt,"80:LinearComp,","81:LinearComp,","95:HammingIndep,",,
Mts000M003927.txt,79:RandomWalk1,"80:LinearComp,","81:LinearComp,",,
Mts000M003928.txt,"80:LinearComp,","81:LinearComp,","105:AutoCor,",,
Mts000M003932.txt,78:RandomWalk1,"80:LinearComp,","81:LinearComp,",,
Mts000M003933.txt,"71:MatrixRank,","80:LinearComp,","81:LinearComp,",,
Mts000M003935.txt,"2:SerialOver,","80:LinearComp,","81:LinearComp,",,
Mts000M003939.txt,23:ClosePairs,23:ClosePairs,"80:LinearComp,","81:LinearComp,",
Mts000M003943.txt,"7:CollisionOver,","10:CollisionOver,","80:LinearComp,","81:LinearComp,",
Mts000M003946.txt,76:RandomWalk1,"80:LinearComp,","81:LinearComp,",,
Mts000M003947.txt,"31:CouponCollector,","80:LinearComp,","81:LinearComp,",,
Mts000M003948.txt,25:ClosePairs,"80:LinearComp,","81:LinearComp,",,
Mts000M003950.txt,"35:Gap,","80:LinearComp,","81:LinearComp,",,
Mts000M003958.txt,"17:BirthdaySpacings,","80:LinearComp,","81:LinearComp,",,
Mts000M003960.txt,"28:SimpPoker,","80:LinearComp,","81:LinearComp,",,
Mts000M003962.txt,22:ClosePairs,"80:LinearComp,","81:LinearComp,",,
Mts000M003965.txt,"8:CollisionOver,","80:LinearComp,","81:LinearComp,",,
Mts000M003967.txt,"80:LinearComp,","81:LinearComp,","100:HammingIndep,",101:Run,
Mts000M003969.txt,"67:MatrixRank,","80:LinearComp,","81:LinearComp,",,
Mts000M003970.txt,"9:CollisionOver,","80:LinearComp,","81:LinearComp,",,
Mts000M003971.txt,74:RandomWalk1,"80:LinearComp,","81:LinearComp,",,
Mts000M003972.txt,46:MaxOft,"80:LinearComp,","81:LinearComp,",,
Mts000M003976.txt,"58:AppearanceSpacings,","80:LinearComp,","81:LinearComp,",,
Mts000M003979.txt,"40:Permutation,",75:RandomWalk1,"80:LinearComp,","81:LinearComp,",
Mts000M003980.txt,76:RandomWalk1,"80:LinearComp,","81:LinearComp,",,
Mts000M003988.txt,49:MaxOft,"80:LinearComp,","81:LinearComp,",,
Mts000M003996.txt,"80:LinearComp,","81:LinearComp,","82:LempelZiv,",,
Mts000M003997.txt,74:RandomWalk1,"80:LinearComp,","81:LinearComp,",,
Mts000M003999.txt,"80:LinearComp,","81:LinearComp,","85:Fourier3,",,
Mts000M004000.txt,46:MaxOft,"80:LinearComp,","81:LinearComp,",,
Mts000M004001.txt,22:ClosePairs,"80:LinearComp,","81:LinearComp,",,
Mts000M004010.txt,"42:Permutation,","80:LinearComp,","81:LinearComp,",,
Mts000M004013.txt,74:RandomWalk1,"80:LinearComp,","81:LinearComp,","100:HammingIndep,",
Mts000M004016.txt,"15:BirthdaySpacings,","80:LinearComp,","81:LinearComp,",,
Mts000M004017.txt,25:ClosePairs,"80:LinearComp,","81:LinearComp,",,
Mts000M004022.txt,"70:MatrixRank,","80:LinearComp,","81:LinearComp,",,
Mts000M004029.txt,"80:LinearComp,","81:LinearComp,","91:HammingWeight2,",,
Mts000M004031.txt,76:RandomWalk1,"80:LinearComp,","81:LinearComp,",,
Mts000M004036.txt,"11:CollisionOver,","80:LinearComp,","81:LinearComp,",,
Mts000M004038.txt,22:ClosePairs,"80:LinearComp,","81:LinearComp,",,
Mts000M004040.txt,"80:LinearComp,","81:LinearComp,","95:HammingIndep,",,
Mts000M004044.txt,"80:LinearComp,","81:LinearComp,","81:LinearComp,",,
Mts000M004047.txt,"20:BirthdaySpacings,","80:LinearComp,","81:LinearComp,",,
Mts000M004067.txt,"80:LinearComp,","81:LinearComp,","86:LongestHeadRun,",,
Mts000M004076.txt,"12:CollisionOver,","17:BirthdaySpacings,","80:LinearComp,","81:LinearComp,",
Mts000M004083.txt,"80:LinearComp,","81:LinearComp,","90:HammingWeight2,",,
Mts000M004085.txt,"71:MatrixRank,","80:LinearComp,","81:LinearComp,",,
Mts000M004087.txt,72:Savir2,"80:LinearComp,","81:LinearComp,",,
Mts000M004092.txt,22:ClosePairs,"80:LinearComp,","81:LinearComp,",,
Mts000M004094.txt,"12:CollisionOver,","80:LinearComp,","81:LinearComp,",,
